"location_name","location_type","location_fips_code","population","state","county","metro","2019_01","2019_02","2019_03","2019_04","2019_05","2019_06","2019_07","2019_08","2019_09","2019_10","2019_11","2019_12","2020_01","2020_02","2020_03","2020_04","2020_05","2020_06","2020_07","2020_08","2020_09","2020_10","2020_11","2020_12","2021_01","2021_02","2021_03","2021_04","2021_05","2021_06","2021_07","2021_08","2021_09","2021_10","2021_11","2021_12","2022_01","2022_02","2022_03","2022_04","2022_05","2022_06","2022_07","2022_08","2022_09","2022_10","2022_11","2022_12","2023_01","2023_02","2023_03","2023_04","2023_05","2023_06","2023_07","2023_08","2023_09","2023_10","2023_11","2023_12","2024_01","2024_02","2024_03","2024_04","2024_05","2024_06","2024_07","2024_08","2024_09","2024_10","2024_11","2024_12","2025_01","2025_02","2025_03","2025_04"
"United States","National",0,326569308,,,,33.3,33.3,31.7,29,26.7,25,25,25.7,27.7,29.3,31.3,33.3,34.7,34.3,31.7,30,28.7,28,26.7,26,27,28.7,30.7,32.3,33.7,32.7,29.7,25,21.3,19,18,18.3,19,20.7,22.7,25,26.3,26,24.3,22.3,21,20.3,20.3,20.7,22,23.3,25.7,28,30,29.7,28.3,26.3,25.3,24.7,25,26,27.3,28.7,31,33,34.3,33,31,28.7,27,26,26.3,27.7,29.7,31.7,33.7,35.7,37,36,33.3,30
"California","State",6,39356104,"California",,,29.7,29.3,28,26.3,24.3,22.7,22,22.3,24,25.3,28,30.3,32.3,31.7,29,29,28.3,27.3,23.3,22,23.3,25.7,27.7,29.7,31,30.3,28.7,26,24,21,18.7,18,20.7,25,27.7,29,29,29,28.3,27.3,25.7,23.7,22,22.3,23.7,25.3,27.3,29,31,31,30.7,29,27.7,26.3,25.7,25.7,26.3,27.7,30.7,33,34.3,33,31.3,29.3,28,26.3,26,26.7,28.3,29.7,31.3,33,34,32.7,30.3,28.3
"Texas","State",48,29243342,"Texas",,,38,38,36.7,34,31.7,30,30,30.3,31.7,33.3,35,36.7,37.7,37.7,36,34.3,33,32,31,30.7,32,33.7,36,37,38.3,37.3,34.3,28.7,23.7,20.7,19.3,19.3,19.7,21.3,23,24.7,25.3,24.3,23.3,22.3,22.7,22.7,22,21,21.3,23,25.7,28.3,30,30.3,29.3,28,27.3,27.3,28,29,30.3,31.3,32.7,34,35.3,34.7,33.3,31.3,30,29.3,30,31,32.3,33.7,36,38,39.7,39,37,34
"Florida","State",12,21634529,"Florida",,,30.3,29.7,29,27.3,26,26,27.3,28,29.3,29,30.7,31.3,32.7,32,29.7,29,28.3,27.7,26,25.3,26.3,27.3,28.3,28.7,29.7,28,25.3,20.7,17.3,15,14,14.3,14.3,14.3,14.3,15.3,17,17.7,17.7,17,17.7,18.3,19.7,19.7,20.3,21,22.7,23.3,24,23.3,23,22,21.7,21.7,22.3,23.7,25,25.7,26.7,27.7,28.7,28.3,27,25,24,24.3,26,27,28.3,30,31.3,32.7,32.7,32.3,30.7,28.7
"New York","State",36,19994379,"New York",,,34,34.7,33,28.3,25.3,23.7,23.7,25.7,29.2,32.8,35.8,36.8,38.2,37.3,36.2,34.8,32.3,30.3,26.3,26.3,27.7,32,37,39.3,41,39.3,36.7,31.7,26.3,23,21,21.3,24.7,27.7,31.3,30.3,31.7,32.3,31.3,28.7,23,21.7,21,22.7,26.3,28,31.7,33.3,37.3,36.3,35,30.3,26.7,23,22.7,25.5,29.2,31.5,35.3,37,37.3,34.7,31.8,29.3,27,26.2,28.3,30.7,34.7,36,38,37.7,39,38.3,35,29.3
"New York-Newark-Jersey City, NY-NJ-PA Metro Area","Metro",35620,19908595,,,,38.5,38.2,35.7,31,28,25.7,26.7,29,32.3,34.8,36.8,37.2,38,37.3,35.7,33.3,31,29,27,26.7,29.3,33,38.2,39.5,41.5,40,39,34.7,30,26.7,24.3,24.7,26.5,28.5,30.8,31.7,33.3,32.7,31.3,28.3,24.7,22.3,23,25,29,30,33,34.7,37.3,36,32.7,29.7,27.3,25.3,25.7,27.3,30.7,32.3,36,37,37.7,36,34,31,28.3,27.3,29.3,31.7,35.7,37.7,40.3,41.3,41.3,39.3,35.5,30.8
"Los Angeles-Long Beach-Anaheim, CA Metro Area","Metro",31080,13111917,,,,30.2,30,29,28,25.7,23.8,23.5,24.2,25.7,27,29.7,32.3,34,33,30,30,30,29.7,26,24,24.3,26.7,29,31.7,33.3,32.7,31.7,29.3,27,22.7,19,17.7,19,22.3,25.7,28,29.3,28.8,28.2,26.8,25.3,23.3,21.3,21,22.3,24,27.3,30,32,31.3,30.3,29.3,28.3,27.7,26.7,26.3,26,27.3,29.7,32,33.3,32.7,31.7,30,28.7,27,26.7,27.7,29,30,31.7,34,35.3,33.7,31,28.7
"Pennsylvania","State",42,12989208,"Pennsylvania",,,39.7,40.7,35.7,30,27,26.3,26.7,27,26.7,30.3,32.3,36.7,37,38.3,34.7,30,25.7,26,27.3,29,31,34,37.3,40,43.3,42,38.3,29.3,23.3,19.3,19.3,19.7,20.7,20.3,21.3,23,25.3,26.7,26.7,24,21.3,19.7,20.7,22.3,25.7,29,33,36,37.3,36.7,33.7,30.3,28.3,28,31,34,36,37.7,39.7,42.3,45.7,43.8,40.2,32.8,29.3,28.8,30.2,32.5,34.3,37.3,40.3,41.7,44,44.3,41,33.7
"Illinois","State",17,12757634,"Illinois",,,39.7,43,40.7,36,28,24.8,24.2,26.2,29.7,32.7,35.5,38.5,39.8,39,32.7,28.3,26,27.7,28.7,29.7,31.3,35.7,39,43.3,44.7,44,39,32.3,26,22,22,24.7,28.2,31.5,35,38.8,38.7,35.5,30.8,27.3,24.7,22.7,23,25.3,27,28.3,29,33,34.3,33,28.7,24.7,23,22.3,24,27.3,30.7,33.2,36.8,36.7,38.5,34.8,33,27.3,24.7,23.3,25.3,27.7,30.3,31.7,33.3,35.7,37.3,35,30.7,25
"Ohio","State",39,11774683,"Ohio",,,33,33.7,30,25,20.3,17.3,16.7,16.3,19.3,21.7,26,28,30,30,27.3,26,24,23.7,21.7,21.7,23,24.7,27.3,30.3,33.7,32.3,28.3,22,17,14,12.3,12.7,12.3,16.7,21.3,23.7,23,22,21,18.3,15.7,15.3,16.3,17.7,19,20,21.7,25.7,28.7,29,27,23.7,21.7,20.2,20.2,21.2,23.3,26.3,30.3,33,33.7,32,30,27.7,25.3,23.8,24.2,26.2,28.3,31.3,34.2,39.2,40.5,40,34.3,31.3
"Georgia","State",13,10722325,"Georgia",,,30,30.7,28.3,26.7,25,24.7,25.3,26,27.7,27.7,29,30.3,32.3,32,30,29.5,28.8,28.2,26.7,26.3,26.7,27.3,28.7,30,30.7,28.3,25.7,21.7,19.3,17.7,16.7,17,16,17,17,19.7,21,22.7,22,21.7,21,20.3,19.7,19.7,20.7,22.3,24,26.7,27,26.3,24,23,22.7,22.3,22.7,23.3,24.8,25.8,28.2,30.7,31.7,30.3,28.3,27,26.3,25.3,25.3,25.7,27,28.7,30.7,33.3,34.3,33.3,30.3,28.3
"North Carolina","State",37,10470214,"North Carolina",,,32.7,33,31,27.7,26,24.7,25,25.3,28.3,29,31,32.7,34.7,34.7,31.3,29,27.7,27.3,26.3,26,27.7,30,30.3,30.7,31,31,28,23,18.7,16,15.7,16.3,15,13.7,12.7,13.3,15,14.7,15,14,15.3,15.7,16,16.3,18.3,20.3,22.7,24.7,26.3,27.3,27,27,25,24.3,23.5,24.5,25.5,27,29.7,32.7,34.3,33,31.3,29.7,28.7,27.3,26.7,27.7,29.3,32.3,35.3,37.7,39.3,38,35.7,31.7
"Michigan","State",26,10057921,"Michigan",,,31,28,24.3,21.7,19.3,17.3,17,18.3,18.7,19.7,21.3,25.5,27.8,26.5,23.3,23,21,19.3,15,13.7,12.7,13.3,15.2,17.5,20.5,21,20.7,17.7,16,14,13.3,13.7,14,16,17.7,19.3,19.7,19.5,21.5,21,21.2,19.2,20,20.7,22.7,23.3,25.3,27,32.3,32,31.3,27.3,25.3,24.7,24.7,25.7,25.7,26,31.7,36.3,39,34.7,30.7,25.3,23.3,22,23.7,24.7,27,29,31.7,34.7,36.7,36.2,30.5,24.3
"Los Angeles County, California","County",6037,9936690,"California","Los Angeles County","Los Angeles-Long Beach-Anaheim, CA",29.8,29.5,28.2,26.7,24.3,22.7,22,22.7,24,26.3,28.7,31.7,33.2,32.5,29.5,29.3,28.7,27.3,23.3,22.3,23.7,26.3,29.3,32,34.7,34.3,34,31.7,29,24.7,21.3,19.7,21,23.3,26.7,28,29,28,28,27,25.3,23,20.7,20.3,21.3,23.3,26.7,29.3,31.3,30.7,30,29,28,27.7,27.3,27.3,26.7,27,28.8,30.8,32.5,31.7,30.3,28.3,27.3,26,26,27.3,29,29.7,31,33,34.3,32.3,30,27.7
"Chicago-Naperville-Elgin, IL-IN-WI Metro Area","Metro",16980,9566955,,,,40.3,43.3,40.3,35.7,27.7,24.3,23.7,25.3,28.7,32,35.3,38.5,39.5,38.2,32,27.7,25.7,27.3,28.7,29.7,31.3,35.7,39.3,43.7,45.3,44.7,40,33,26.7,22.7,23,25.7,29,32,36.3,40.3,40.7,36.3,31.7,27.7,25,22.7,23,25.7,27.7,29.3,30,34,35.3,34,29.3,25,23,22.3,24,27.7,31.3,34.2,37.7,37.7,39.3,35.5,33.5,27.7,25.3,23.7,25.7,28,30.7,32.3,33.7,36,37.3,35,30.7,25
"New Jersey","State",34,9249063,"New Jersey",,,38.5,38.7,38.8,35.2,31.8,30,30.7,32.3,34.3,36.3,38,38.7,38.7,37.7,34.3,31.3,29.7,29,28.3,27.3,29.3,32.2,36.5,38.2,39.7,37.3,35.2,30.2,25.8,23.3,22.3,23.3,23.2,23.7,24,25.8,26.7,25.3,25.2,23.5,22.5,19.7,21.3,23.3,26.3,26.7,29.7,30.7,32,31,29,27.3,25.3,25,26.3,27.3,29.3,31,34,35,36.3,36.3,35.7,32.7,30,28,29.3,31.7,34.7,36,38.3,40.3,40,37.7,34.7,31
"Virginia","State",51,8624511,"Virginia",,,33.7,32.3,30.7,27,24.3,23,24.3,26.3,29,31.3,32,33,34.7,34.7,31.3,27.7,26,25.7,25.3,25.3,27.7,29.7,32.7,34.7,37,35.7,32.3,26.7,23,21,22,24,27,29.7,33.7,35,36.7,34.3,32,27.7,24.3,22,21,22,24.3,27,29.3,31.7,32.7,31.7,29.3,26.7,25,24,24.7,26.3,28.3,29.7,31.7,34,34.3,32,28,25.7,24.3,23.7,24.3,25.7,29,31.3,34.3,35.7,36.3,34,30.7,27.3
"New York City, NY","City",3651000,8622467,"New York",,"New York-Newark-Jersey City, NY-NJ-PA",36.7,35.3,30.2,25.7,23.7,22.2,22.3,24.3,29,33.3,38.3,37.7,38.7,35.3,34.2,32.7,30,28.2,26,27.3,30.3,34.7,41.8,45.2,47.8,45.3,43,40,35,30.3,24.3,24.7,28.7,32.7,34,32,33.3,35.7,34.7,32.3,25.3,22.7,20.7,21.7,26,27,32.3,35.5,40.5,37.8,34,29,25.7,22.3,21.7,25.3,30.3,33,37,39,40,37,33,29,25.3,23.5,25.5,29.5,34.5,38.2,44.2,44.2,45.7,38.3,34.2,27
"Washington","State",53,7688549,"Washington",,,31.7,31,30.3,27.7,25,22.3,21,21.3,23.3,25.7,28,30.7,31,29.3,25.3,24.3,24.3,24,22.3,21.3,23.3,26,30,33.3,35,33.7,30,26.3,22.3,18.7,15.7,14.3,15.7,19,24,27.7,29.3,27.7,24.7,22,20.3,19.7,19.3,20,21.7,23.7,27.3,31,33,31.7,29.7,28,27,25.3,24.3,24.7,26,27.7,31,34.7,36.7,34.3,30.7,28,26.3,24.7,23.7,24.3,26.3,28.7,31.3,34.7,35.8,35.2,32.2,31.3
"Dallas-Fort Worth-Arlington, TX Metro Area","Metro",19100,7673379,,,,36,35.7,33.7,30.7,29,28.3,28.7,29,30.3,31.7,34.7,37.3,38.5,37.5,34.5,32.3,30.7,30,29.7,30,31.7,33.3,35,36,37.3,36.7,33.7,28,23,19.7,18.3,18.3,18.7,21,23.7,25.7,25.3,23.3,22.7,21.3,21.3,20.7,21,20.7,21.3,22.7,25.3,28,29,29,27.3,26.7,26,26.3,27.3,28,29.7,30.3,32.7,34,35.7,34.7,33.3,31.3,30,29.7,30.3,31.7,33,35,37.7,39.7,41,39.7,37.7,34.7
"Arizona","State",4,7172282,"Arizona",,,21.7,21.3,20.3,19,18.3,18,19,19.7,20.7,21.3,22,23.3,24.7,25,23.7,22.7,21.7,22,21,20.5,20.5,21.5,23,24,24.3,21.7,18.7,15,13.7,12.7,12.7,13.3,14.3,17,19.7,23,24.3,24.7,23.3,22,20.7,20.7,20,20,20.7,23.3,26.7,28.3,30,29,28,25,23.7,22.7,23.3,25,26.8,28.8,30.2,32,32.3,31.7,30,29,28,27.3,27.7,29,31,32.7,34.3,36.7,38.7,37.7,34.3,28.7
"Houston-The Woodlands-Sugar Land, TX Metro Area","Metro",26420,7142603,,,,39.7,41,40.7,37.7,35,32.7,32.7,31.7,32.7,34,35.7,37,38,38.7,38,37,35.7,33.7,32,31.3,33,34.7,37,38.3,39.7,39,36.7,31.7,27.3,24,23,22.3,21.7,22,22.7,24,24.7,23.7,23,21.7,22.7,22.7,22.3,21,20.7,21.7,24.3,27,28.7,28.3,27.7,26.3,26,26,26.3,27.7,28.7,29.7,30.3,31.7,33.3,32.7,31.3,29.3,28.3,27.7,28.7,29.3,30.3,30.7,32.7,35.3,37,36,33.7,31
"Massachusetts","State",25,6984205,"Massachusetts",,,39,39.3,35.7,29,25.3,23.7,23.7,25.7,29.3,32,32.3,34,37,39,34.3,30,26,27,26.7,28.7,32.7,37.7,41.7,44,45,43.7,40.3,34,28.7,24.3,23,24.7,27,30.7,33.3,35.7,37.5,34.8,30.2,23.3,19.7,18.3,20.3,24,28,30.7,32,34,34.3,35,30.7,26.3,21.7,21,22.7,25.3,28.7,31.3,33,35.7,37.7,38,34,27.7,23.3,21.3,24.3,27.7,32,33.7,36.3,38.3,41,38.3,33,26.5
"Tennessee","State",47,6923772,"Tennessee",,,34,34.7,33,30.7,27.7,25.3,24,23,26.3,27.7,30.3,30.3,31,30.7,29.7,28.3,26.7,26,26,25.7,25.7,27,29.3,31.7,32.3,32.3,29.3,25.7,20.7,17.7,15.3,14.7,14.7,15.7,17.3,20.8,22.5,20.8,18.3,16.3,18,17.7,18,18,19.3,21.3,23,26.3,27.7,27.3,24.7,23.3,23,24,24.7,26.3,27.3,29.7,31.5,32.5,33.2,32.3,31,28,26,24.7,25,26.3,28,29.7,32,33.7,34.7,32.8,31.5,29.8
"Indiana","State",18,6784403,"Indiana",,,33,34,30.7,27,24,24,26,28.2,29.5,31.2,33.5,38.3,38,36.8,32.7,32,30.7,29.7,28.7,28,27.7,27.3,27,26.7,26.7,25.3,24.3,21.7,18.7,16.7,15.7,16.3,15,14.3,14.3,15,15.3,16,16.3,17,16.3,16,14.7,15.2,17,19,20.5,23,27.3,27.3,26.3,23,21.7,20,20.3,22.7,25,26,28.7,29.7,32.7,30,28.7,23.7,22.3,21,22,23,24.3,26.7,28.3,30,31.3,30.7,28.3,24.7
"Washington-Arlington-Alexandria, DC-VA-MD-WV Metro Area","Metro",47900,6346083,,,,32.3,32,30.3,26.3,23.7,22.3,24,26,28,29,29.7,31.3,34,34.7,31,28,26.3,26.7,26.7,27,29.7,32.3,36,40.7,43.3,42,37.3,31.7,28.3,25.3,25,25.3,27,29,33,35.7,37.7,35.3,32,28,24.7,22.7,21.7,23.3,25.7,28,29.7,32,34,34.3,32.3,29,26.7,25.3,25.3,26,27.7,29.7,32,34.7,35.3,33.7,30.3,27.3,25.3,23.7,24,25.3,28.3,30.3,32.7,34,35.3,34,31,28
"Philadelphia-Camden-Wilmington, PA-NJ-DE-MD Metro Area","Metro",37980,6232894,,,,39,41,36.2,31.3,28,27.3,27.7,27.7,27.7,30.7,32.7,36.7,36.3,36.7,32.3,29,25.7,26.3,27.3,29.3,31.3,32.7,36,38,42.7,41,37.7,28.7,22.3,18,18,19,20.5,20.8,21,22,22.5,24,24.2,22.7,19.8,17.8,18.5,21,25,28,32.7,35.3,36,34.7,31.5,29.5,27.2,27,28.7,30.3,32.7,35.3,38.7,41,45.7,44.7,43,36,32,30,30,32,33,34.8,37.8,40.5,44,44.7,41.3,34.3
"Maryland","State",24,6161707,"Maryland",,,31,30.7,29,26.3,24.3,22.3,23,23.7,24.7,24.7,26,27.7,29.3,29,26.7,25.8,25.5,25.2,23.7,22.7,23.3,24.7,25.7,27.7,29,29,27,23.7,21,18.7,18,18,18.3,18.3,19.3,21,23,23.3,22.5,20.8,19.2,19,19.7,21,22,22.5,23.3,25,26.5,27,25.3,22.7,21,21,22,23,23.3,24,24.8,26.2,27.8,27.3,26,23,22,20.7,21.3,22.3,24,25,25.7,26.3,28,27,26,23.3
"Missouri","State",29,6154422,"Missouri",,,36.2,39.2,38.7,35,32,28,28.3,27,30,33,33.3,33.7,32.7,34.3,31.3,29.3,25.3,25,23.7,23.3,22.7,24.3,25.7,28,30.3,31,30,26.3,23.7,22,20.3,19.3,19,20.2,23,25.3,26.3,25.7,24.2,23.3,22.2,23,24.7,24.7,24.7,23.3,24.8,27.8,31.2,33.7,31.7,29.3,26.3,26,27.3,28.7,31,32.2,36.2,38.5,40.2,38.2,35.7,32.2,30.2,30,31,34.3,35.3,37.3,38.7,41,43,43.7,40,36
"Miami-Fort Lauderdale-Pompano Beach, FL Metro Area","Metro",33100,6123949,,,,35.3,33.7,31.7,28.7,28,29.3,30.3,31,31.7,30.7,31,31,33,32.3,30.3,29.7,29.3,29,27,27.3,28.7,29.3,30,29.3,30.7,28,25.7,20.7,18,15.7,14.7,14.3,14.3,14,13.3,12.3,12,12.3,13,14.3,16,17,18.7,18.3,20,20.3,23,24.3,25,23.7,22.3,21,20.7,20.7,21.7,22.3,23,22.7,24,24.7,26,26,24.7,23.7,23,23.7,25.7,26.3,28,28.3,30.5,32.2,32.8,31.3,29,26.7
"Atlanta-Sandy Springs-Alpharetta, GA Metro Area","Metro",12060,6094752,,,,30.7,31.3,29.3,27.3,25.7,25.3,26,26.3,27.7,27.7,29.3,30.7,32.7,32,30,29.3,28.7,28.3,27,27,27.3,28,29.3,30.7,31.3,29,26,22.3,20,18.3,17.3,17.7,16.7,17.7,17.7,20,21,22,22,22,21.7,20.7,19.7,19.7,20.7,22.7,24.7,27.7,28,27,24.7,23.3,23,22.7,23,24,25.3,26.3,28.7,31.3,32.7,31.3,29,27.3,26.7,25.7,26,26.3,28,29.3,31.3,33.3,34.3,33,30.3,28.7
"Wisconsin","State",55,5882128,"Wisconsin",,,50.3,45,31.5,26,19.3,18.3,20.5,24.5,31.5,33.3,37.7,38.3,39.7,35.3,30.2,25.2,22.8,22,21.7,23,24.7,31.3,34.7,35.7,33,30,24.8,18.5,15.5,14.7,15.7,15.8,20.5,23.2,28,30.7,28.7,24.2,16.5,15.5,14.3,14.7,15.7,16.7,16.8,17,20,23.2,24.3,24,23,22.3,20.3,20.5,22.2,26.8,29.2,33,34.3,36.2,34,32.7,29,26.7,23.3,23.7,24.7,27.7,32.7,37.8,40,40,40.5,36.8,31.2,23.5
"Colorado","State",8,5770790,"Colorado",,,33,34,32.3,30.7,28,26,26,26.7,29,30.3,32,34,35.3,35.3,32,29.7,27.3,26.7,26,26.3,27.7,29.3,31.7,34,35,34,30,24.7,19.7,17,16,16.7,16,17.3,18.7,21.7,22.3,22.3,20.7,20,19,19.7,19.7,20,21,22.3,25.3,28,30,28.7,26.3,23.7,22.7,23,24.3,26,27.3,28.7,30.7,32.7,34.7,33.7,31,27.7,26,25.7,26.7,28,30.7,33,36.7,40,42.3,40.3,36,31.7
"Minnesota","State",27,5695292,"Minnesota",,,41.7,43,37,31.2,26.2,25.5,25,28.3,31.3,37,42,47.8,50.5,46.2,37.3,30.3,28.7,30,31.3,32.7,35.3,38.2,44.7,48.7,55,53.2,48.2,38.7,32.3,29.3,28.8,28.8,30.5,33.2,35.2,38.5,37,36.3,31.7,31.3,30.7,30.7,30.7,30.3,32.3,33.7,38,41,43.8,41.5,38.5,34.3,31.7,30.8,30.5,32.5,36,40.7,45.3,47.7,47.3,44,38.3,34.3,32.3,33,33.7,35.3,38,42.7,45,48.7,49.7,47.3,41,34
"Cook County, Illinois","County",17031,5225367,"Illinois","Cook County","Chicago-Naperville-Elgin, IL-IN-WI",39.2,40.8,39.2,34.7,28,23.3,22.3,24.3,28.3,31.3,33.7,35.7,37.3,36.7,31,25.7,23.7,25.7,28,29.7,31.7,36,39.7,45.3,48.7,48.3,43.7,35.7,29,24,24.7,28.7,33.3,36,41.5,46.3,47.3,40.8,33.7,28.7,25.3,23,23.3,26.8,29.8,31.5,31.7,35.3,36.7,35,29.7,25,23,22.7,24.8,29.5,34.5,38,42,40,41,35.7,34,28,25.3,23.7,25.7,29.7,33,34.7,35.3,37,38,35.3,30.7,24.3
"South Carolina","State",45,5142750,"South Carolina",,,35.7,37,35.7,32.7,30,27.7,26.3,26.7,29,31,34.3,35.7,37.7,37.7,35.3,34,32.7,32.2,31.2,28.5,27.7,27.3,28.3,29.3,30.7,29.3,26,21,18,15,13.3,14,14.7,17,18,21,21.7,22.3,20.7,19.7,17.3,16.3,14.8,15.5,17.5,19.3,23,25,28,27,26.7,24.3,23,21,21,22.7,24.7,26,28.3,30.7,33,31.7,31,28.3,26.3,24.8,24.8,26.8,27.3,29.7,29.7,32,33,32.7,29.3,26.7
"Alabama","State",1,5028092,"Alabama",,,28.3,28,25.3,22.3,18.5,18.8,19.5,20.7,20.7,22,25.7,29.3,31.3,30.7,30.3,29.3,28.7,25.5,22.5,21.2,21.3,22.7,23.7,26,29.3,29.3,27.3,21.3,17.3,13.7,12.7,13,13.3,14,13.7,14.3,15.5,16.8,17.5,17.3,16.7,15.3,13,13.7,15.7,20.2,22.8,20.8,23.7,23.8,30.2,27.8,27.3,26.3,27,28,27.3,27,28,31,34,34,30.3,27,25,25.7,26.3,27,29,31.7,34.7,38.7,38.7,39.3,35.7,33
"Boston-Cambridge-Newton, MA-NH Metro Area","Metro",14460,4912449,,,,39,39.3,35.7,28.7,25,23.3,24,26.3,30.3,32.7,33,34.5,37.5,39.2,34.3,30,26.3,27.3,27,29,33.3,38.3,42,44,45.3,44,41.3,35,29.7,24.7,23,25,27,31,33.3,36,37.7,35.3,31.3,24.7,20.3,18.3,20,24,28.3,31,32.7,34.3,34.7,35,30.7,26,21.3,20.7,22.7,25.7,29,31.3,32.7,35.3,38,38.3,34.3,27.7,23.3,21.3,24,27.3,32,34,36.7,38.3,41.3,38.3,33,26.3
"Phoenix-Mesa-Chandler, AZ Metro Area","Metro",38060,4864209,,,,21.7,21.5,20.5,19.2,18.3,18,19.3,20,21.3,21.7,22.7,23.7,25,25,23.7,22.7,22,22.3,21.5,20.8,21.2,22.3,24,24.7,24.7,21.7,19,15.7,14.3,13,13,14,15.7,19,22.3,26,27.3,27.3,25.3,24,22.3,22.3,20.8,20.8,21.5,24.3,27.7,29,30.3,29.3,28.3,25.3,23.7,23,23.7,25.7,27.3,29.7,30.7,32.7,32.7,32,30,29,28,27.7,28.3,30,32,33.3,34.7,37,38.7,37.3,33.7,28
"Harris County, Texas","County",48201,4726177,"Texas","Harris County","Houston-The Woodlands-Sugar Land, TX",40.3,41.3,41.3,38,35.3,32.7,32.7,31.8,33.2,34.8,36.3,37.3,38,38.7,37.7,36.7,35.3,33.7,32,31.3,33,34.7,37,38.7,40,39,36.3,31,27,24,23.3,23,22,22.3,23,24.3,24.3,22.7,22,21.3,22.7,22.7,22.3,21,20.7,21.7,24.3,26.7,27.7,27,26.7,26,25.7,25.3,25.7,27.7,29,30,30.3,31.3,32.7,32,31,29.3,28,27,28,28.7,30,30,32.7,35.3,37.3,36,33.7,31
"San Francisco-Oakland-Berkeley, CA Metro Area","Metro",41860,4692242,,,,30.3,29.3,26.3,24,22.3,22.3,21.7,22.7,25,28.7,32.3,34.3,35.3,34.7,31.3,31.7,30.3,29.7,25.3,24.7,27.7,31.3,34.7,38,40.7,39.7,38.7,34.3,32.3,28,26.7,27.3,30,33.3,34,33.7,31.7,30.3,31.2,30.8,30.2,27,26,26.3,28.3,30,32.7,33,35.7,35,35.7,33.3,32,29.7,29,29.3,30.7,32,34.7,38,39.7,38.7,36.3,34.3,33,31,30,30.8,32.8,35.2,35.7,37,37.7,36.7,34.7,32.7
"Louisiana","State",22,4640546,"Louisiana",,,35.3,33.7,30.5,28.2,27.5,28.7,29,27.3,29.3,32.7,38.3,40,41,40.7,39.3,40.5,41.2,38.8,32.7,27.7,27,25,26.5,27.2,32.5,32.8,31.5,26.5,22.3,18.7,16.7,14.7,13.7,14,13.5,15.8,17.8,20,20,19,17.3,16.7,15.7,16.3,19,21.7,27,30,31.3,30.3,29.3,28,27.3,25.3,25.8,25.5,26.5,28.7,33,38,39.7,39,35.7,34.2,29.2,26.8,25,28.7,31.7,34.7,35.3,35,34.3,33,31,27.7
"Riverside-San Bernardino-Ontario, CA Metro Area","Metro",40140,4610050,,,,25,24,21,20,19.3,19.3,20,20,21.7,21.7,21.7,23.7,25.7,27.7,26.3,27.7,27.3,24.7,19,14.7,13.7,13,12.7,13,12.3,12,10.2,10.5,9.8,10.3,10,11.7,14.3,18.7,23.7,27.8,29.2,28.8,26.7,24.7,22.3,21.7,21.3,21,19.7,19.3,21.7,22.8,25,24.7,24.5,23,22,22.7,22.3,21.7,21.7,22.3,25,24,23.7,21.3,22.7,22,21.7,20.5,20.8,20.8,20,20,21.3,23.7,24.3,23.3,22,22.3
"Kentucky","State",21,4502935,"Kentucky",,,38.3,37.2,33.2,29.7,29.3,26.7,24.3,24.3,27.3,29.7,32.7,37.3,41.7,41,39,35.5,34.8,30.5,27.3,24.7,25,26.2,27.2,29.8,30.7,33.3,31.3,28.3,22.7,18.7,17,18,19,18,17,20,21.3,26,23.3,24.3,19.7,18.7,18.7,19,19.3,19.3,22,27,28.7,29.7,25.7,25,22.7,22.7,21.7,22.3,24.3,26.7,29,29.7,30.5,29.5,27.8,24.3,21,19,20,20.7,22,23.7,27,30.7,33,32.3,29.7,26.7
"Maricopa County, Arizona","County",4013,4430871,"Arizona","Maricopa County","Phoenix-Mesa-Chandler, AZ",21.7,21.7,20.7,19.3,18.3,18,19.3,20,21.3,21.7,22.7,23.7,25,25,23.7,22.7,22,22.3,21.7,21,21.7,22.7,24.3,25,25,22,19,15.7,14.3,13,13,14,15.7,19,22.3,26,27.3,27.3,25.3,24,22.3,22.7,21,21,21.3,24.3,27.7,29,30.3,29.3,28.3,25.3,23.7,23,23.7,25.7,27.3,29.7,30.7,32.7,32.7,32,30,29,28,27.7,28.3,30,32,33.3,34.7,37,38.7,37.3,33.7,28.3
"Detroit-Warren-Dearborn, MI Metro Area","Metro",19820,4375604,,,,16.5,15,14.2,14.5,14.3,13.8,14.5,14.2,13.7,14,16.7,19.7,20.5,19.5,19.5,20,18.3,16.5,13.2,11.8,9.7,10,10.7,13.3,16.7,18.5,19.2,18.2,17.3,15.7,14.3,14.7,14.7,16.7,20.2,22.2,21.5,19.3,20.7,21,19.8,17.8,18.2,18.7,21.7,22,24.7,25.7,31.3,33.7,33,29.7,26,26.3,27,27.7,26.8,27.2,32.8,37.3,39.2,34.2,28.8,23.7,22.3,21.3,21.3,22.2,24.5,27.3,30.2,33.2,34.7,30.7,26,21
"Oregon","State",41,4229374,"Oregon",,,35.5,34.8,34.2,29.7,26.3,22,20.7,21,23,26,29,33,36.3,36.7,33.7,30.3,28.3,27,26,25.7,27,28,29.7,31.3,34,32.3,29.3,23.7,20.7,18,16.3,15.7,15.7,17.3,19,21,21.7,21.7,21.3,20,19.7,19.7,20,19,18,18.7,22,26.3,29.3,29.3,28,27.7,27.3,26.8,25.5,25.8,26.7,28.7,31.3,35.7,38.3,39.3,37,35,32.3,29.7,27,26,27,30.3,34.3,38.7,41.3,41,39.3,36
"Seattle-Tacoma-Bellevue, WA Metro Area","Metro",42660,4001701,,,,32.3,32,31.3,28.3,24.7,22.3,21,21.7,23.3,26,29,32,31.7,29.3,24.7,24,24.7,25,24.3,23.3,25.7,28.3,32.7,36.3,38,36.7,32.7,29,24.7,21,17.7,16.3,17.3,20.7,25.7,29.8,31.8,30.2,27.3,24.7,23,21.7,20.7,21.5,23.8,25.8,29.3,32.7,34.7,33.3,30.7,29,27.7,26,25,25.3,27,28.7,32,35.7,37.7,35,31.3,28.7,27.3,25.3,24,24.7,27,29.3,32,35,36,34.7,32,31.3
"Oklahoma","State",40,3970497,"Oklahoma",,,38.2,41.3,41,44,42.5,39.3,33,29.3,30,30,31.7,32,32.7,32.5,29.5,28.2,27.3,27.3,26.3,26,27,28,30.8,31.8,34.2,32.2,28.8,23.5,18.7,16.7,15.7,16,17.7,18.3,21.3,22,26.7,27.3,28.5,22.5,19.2,16.3,17.3,18.3,19,19.7,21.3,24.2,27.8,29.2,29,28,27.2,24.5,24.2,23.2,24.5,24.2,27.3,27.3,30.7,28.3,29,24.7,23.3,22,21,22,23.7,25.7,26.7,26.8,27.8,27.8,26.7,25
"Los Angeles, CA","City",644000,3881041,"California","Los Angeles County","Los Angeles-Long Beach-Anaheim, CA",29.7,30,29,27.3,25,23,22,22.7,23.7,26.3,28,31.3,33,32.7,30.7,30.3,29.7,26.7,23,22.3,24.7,27,30.3,33.3,36.3,35.7,35.3,33.7,32.3,28,24.3,21,21,22.3,25,26.2,27.5,26.5,27,26,25,23,20.7,20.7,22,24.3,27.3,30.3,32,31.3,30,30.2,29.5,29.2,27.7,27.3,26.7,27,28.7,30.7,32.3,31.7,30,28,27.7,26.7,26.3,25.7,27.7,28,30.3,32,34,33,31,28.7
"Minneapolis-St. Paul-Bloomington, MN-WI Metro Area","Metro",33460,3678328,,,,41.8,43.5,37.8,32.3,27.3,26,25,28,30.7,36.3,41.8,47.8,51.5,46.7,38,30.3,28.7,30,31.3,32.7,35.5,38.8,46.2,50.8,57.2,55.5,50.3,41,34.3,30.7,29.7,29.3,31,33.7,35,38.5,37.2,37,33,32.7,32.2,31.7,31.3,30.7,32.3,34.3,39.7,42.3,45.3,42.3,40,35.3,32.3,31.3,30.7,33,37,42.3,47,49,47.7,44.3,38.3,35,33,34,35,36.7,39.7,44,46.3,50.3,51.7,49.7,42.7,35
"Connecticut","State",9,3611317,"Connecticut",,,42.5,45.2,40.8,34.5,29,27.3,29.7,31,35.3,38.5,40.2,40,39.7,42.7,38.5,35.3,31.7,32,32,31.2,31.7,30.8,31,30.5,30.7,28.3,26.2,22.2,19.5,17,16.7,17,16.7,16.7,19.3,23.7,27.2,26.2,23.8,19.7,17,16,17.3,19.7,24,29,35,37.3,38.7,34.5,31.3,26.3,26.3,25.5,27.2,28,31.7,32,35,33.3,35.3,35.8,35.8,31.8,24.7,23.7,24.7,27.3,28.7,31.5,34.2,35.2,36,38,36.3,31.7
"San Diego County, California","County",6073,3289701,"California","San Diego County","San Diego-Chula Vista-Carlsbad, CA",30.7,31.2,29.2,26.5,23.7,21.5,20.8,21.2,22,22.7,24.3,27.3,29.5,29.5,27.5,26.7,25,23.3,20.3,20,20.7,21.3,22,22.7,23,22.8,20.8,17.8,14.7,12,10.7,10,12,15,17.8,18.8,20.3,22.2,22.5,21.7,19.3,18.3,16.3,16.7,17,19.7,22,26,27.7,26.7,25.3,23.3,22.7,20.7,21,21.3,23.7,25.2,28.8,31.5,35,34,32.7,30.3,30,28.3,28,28,29,29.3,30.3,32.3,35,34.7,32.3,28.8
"San Diego-Chula Vista-Carlsbad, CA Metro Area","Metro",41740,3289701,,,,30.7,31.2,29.2,26.5,23.7,21.5,20.8,21.2,22,22.7,24.3,27.3,29.5,29.5,27.5,26.7,25,23.3,20.3,20,20.7,21.3,22,22.7,23,22.8,20.8,17.8,14.7,12,10.7,10,12,15,17.8,18.8,20.3,22.2,22.5,21.7,19.3,18.3,16.3,16.7,17,19.7,22,26,27.7,26.7,25.3,23.3,22.7,20.7,21,21.3,23.7,25.2,28.8,31.5,35,34,32.7,30.3,30,28.3,28,28,29,29.3,30.3,32.3,35,34.7,32.3,28.8
"Utah","State",49,3283809,"Utah",,,25.8,25.2,26.3,26.7,26.7,27.3,27.7,27,25.3,25.3,29.3,30.7,33,31.7,33,32.7,32.3,30.7,28.7,27.3,28.3,30.2,32.8,34.5,33.7,30,23.7,18.3,14.7,13.3,13,14.3,14.7,17,18,21.7,22.8,22.8,22.8,22.7,25.3,25.7,27.3,26.5,25.5,25.8,27,31,35.7,38.3,37.7,33.3,30.8,29.5,29.2,31,32.3,33.3,35.3,36.3,38,37,37,35,33.3,31,31.7,32.7,35,37,40,43,45,46.3,43.3,40.3
"Tampa-St. Petersburg-Clearwater, FL Metro Area","Metro",45300,3194310,,,,32.3,31.7,29.7,27,24,23.7,25.3,27.7,29.7,29.7,30.3,30,30.8,30.5,28.2,26.5,24.5,23.2,22,21.7,22.3,24.3,26,27,26.7,24,21,17,14.7,12.7,11.3,11.7,12.3,13.7,15.3,19,24.7,25.3,26,22,22.2,22.2,24.2,24.7,23,23,24,23.7,24,23,23.7,22,22,22.2,22.5,23.8,25.7,28,29,30.3,31,30.3,28.7,25.3,24,23.3,25,26.7,28.7,32,31.7,31.7,30.7,31,29,27
"Orange County, California","County",6059,3175227,"California","Orange County","Los Angeles-Long Beach-Anaheim, CA",30.3,30.7,30.7,30.7,28.3,26.7,26.3,26.7,28.3,28,31.3,33.7,35.7,33.7,30.3,31,32.3,33,29.3,26,25.5,27.8,29.2,30.7,30.7,29.3,28,25.3,23,19,15.3,14.3,15.3,19.8,23.2,28.5,30.7,31.7,29.3,27,25.3,24.3,23.3,24,25,26.3,29,31,32,31.7,31,31.3,30,28,25.3,24.3,25.3,28.3,32.3,34.3,35,35,35,34,31,29,28.3,29.3,30,32,34,37,37.7,36.7,33.3,31
"Nevada","State",32,3104817,"Nevada",,,24.2,23.8,24.2,23,22.3,20.3,20.3,21.7,24,25.3,26.3,27.7,30.3,32,31,29.7,27,24.7,21.3,19.3,18,17,17,19.3,21,22,20,16.7,14.3,12.3,12,11.3,10.7,13,14.7,19,19.7,19.7,20.7,20.3,23.7,22.3,23.3,21.3,21.3,20.7,22,24.7,28.7,29.7,28.7,25.3,24.3,23,24.7,25,25.7,25,26.3,29.2,30.8,30.2,29.7,28.7,28.7,27.3,27.7,27.3,28.5,28.8,31.2,32.3,34.7,34,33.3,31
"Denver-Aurora-Lakewood, CO Metro Area","Metro",19740,2959386,,,,32.3,33.7,32.3,31,28.7,26.3,26.7,27,29.3,30.3,32,34,35.3,35,31.7,29.3,27,26.3,26,26.7,28.3,30,32.3,34.7,35.3,34.7,30.7,25.7,20.7,18,17,17.7,17,18,19.7,22.3,23.7,23,21,19.7,18.3,19.3,19.3,20.7,22,23.3,25.7,28,30.3,29,26.7,23.7,22.7,23.3,24.7,26.3,27.3,28.7,30.7,33,34.3,33.3,30.3,28,27,27,28,29.3,31.7,34,37.3,41,43.7,41.3,37,32
"Kansas","State",20,2935922,"Kansas",,,31.8,35,33,31.7,27.7,27.2,27.2,29.2,29.7,31.3,35.3,39.3,40.7,38.7,35.7,32.7,30.5,29.2,28.2,27.7,27.3,28.3,30.7,32,33,31.3,29.7,25,22,19,18.3,18.3,22.5,23.2,25,22.5,24,22,19.5,16.8,14.7,15.8,16.3,18.5,21.2,22.8,24,26,27.7,27.7,24.7,23.3,23,21,21.3,23,27,28.7,28.7,28.7,29.7,30,27.8,24.8,23.2,23.7,25.3,26.3,27,28,30.7,33,36,34.7,31.3,25.2
"Baltimore-Columbia-Towson, MD Metro Area","Metro",12580,2840005,,,,32.3,32,29.7,26.7,24,22.3,22.3,23.7,24.8,25.5,26.5,27.8,28.8,28.2,26.3,25.3,25.3,24.7,23.3,22,22.3,23.7,24.8,26,27.3,27.2,26.3,22.7,19.7,17.3,17,17.3,17.2,16.8,18.2,19.7,22,22.3,21.7,19.7,17.3,17.3,18.7,20.3,22,23,24.7,26.7,27.3,27.2,24.5,22.2,20.3,20.5,22.2,24.2,24.7,25,26.3,28.3,30.3,29.7,27.3,23.7,21.7,20.7,21,22.3,24.7,27,27.7,27.7,28.7,28,27,24.3
"St. Louis, MO-IL Metro Area","Metro",41180,2813523,,,,34,34.7,33.7,32.3,32,27.3,25.7,24.7,28,30,28.7,28.2,26.5,28,25.8,26.5,23,22.7,20.7,20.7,20,20.5,22.5,24,26.2,27,27.5,25.2,22,20,17.7,16,16.7,18,21.3,22.7,22.8,21.8,20.3,19.7,17.7,16.5,18.7,19.3,21,19,20.2,22.5,27.2,28.7,28,26,24.7,23,23.7,24,26.5,26.2,30.8,34.7,38,36,31.3,29,28.3,29.5,30.2,34.5,35.3,35.3,36,41.7,45.3,44.3,38.7,34.8
"Chicago, IL","City",1714000,2721914,"Illinois","Cook County","Chicago-Naperville-Elgin, IL-IN-WI",39.8,40.8,38.7,34,27,22,21.3,23.7,27.7,30.3,32.5,34.8,36.2,34.5,28.8,23.8,22.3,24.7,27.7,29.7,32,36.7,40.7,46.7,50.3,51.7,46.3,37.7,29.7,24.7,25.3,29.7,36.3,40.2,48.5,52.2,52.5,43.2,35.5,30,26.3,23.7,24,27.7,31.7,33.7,34,37.7,38.7,36.3,30.3,24.7,22.3,21.3,24.7,30.7,38.3,42,47.3,43.3,44.7,38,35.7,28.7,24.7,23.7,26.7,31.3,35,36.2,38.5,39.8,41,36.7,31.3,24
"Miami-Dade County, Florida","County",12086,2688237,"Florida","Miami-Dade County","Miami-Fort Lauderdale-Pompano Beach, FL",35.3,34,32,27.8,27.3,30.3,30.7,31.7,29.7,28.3,29.3,31.8,36,36.2,33,30.5,30,29.7,28,28,31.5,35.2,36.8,36.5,37.8,35.2,31.3,24,19.7,16.7,14.3,14,13.3,13,12,11.3,11.3,11.3,11,12,13.7,15,15.8,15.2,16.5,18.3,21.7,24,24.3,22.7,21.3,19.7,19.3,18.7,19.7,20.7,22.3,21.7,23,23,24.7,24,23.3,23,22.3,22.3,23.7,25.3,26,27.3,29,31.7,31.7,29.7,27,24.3
"Orlando-Kissimmee-Sanford, FL Metro Area","Metro",36740,2679298,,,,25,24.7,28.2,26.8,26.3,23.8,26.8,27,28,27.3,29.7,31.7,31.7,31,29,30.7,31,29.7,26.7,25.3,26.3,28.3,30,31.3,32,30.7,28,25.3,21.3,19.3,16.7,17.7,18.5,20.2,21.5,24.3,23.7,23.5,18.7,18.3,16.5,17.7,17.7,18,19,20.3,21.7,21.7,20.7,20.7,21,22.3,21.3,20.3,21,22,23.3,24,26.3,27.7,27.7,26.7,25,23.7,23,24.7,26.3,26.3,26.7,27.3,29.7,30.7,30.7,29.7,29.3,29
"Charlotte-Concord-Gastonia, NC-SC Metro Area","Metro",16740,2668688,,,,35.7,35.3,33.3,30,29.3,27.3,28.3,29,32,32,34.3,36,38,36.7,33.7,31.3,29.7,28.3,26.3,26,28.3,31,31,30,30.3,30,28,23.7,20,17.7,17.3,18,16.8,15.8,14.2,14.7,16.3,16.7,17.3,16.3,19,18.3,18.7,17,18.3,19.3,21.7,24,25,25.7,24.7,26,25,25.7,24.7,25.7,26,26,27.7,31.3,33.7,33,31,30,29,27,25.7,27,29.7,33,35,37,38.3,37.5,35.2,32.2
"Dallas County, Texas","County",48113,2604053,"Texas","Dallas County","Dallas-Fort Worth-Arlington, TX",36,35.7,33.7,30.7,29,28,28,28.7,30.3,32,34.7,37,38.3,37.7,35.3,32.7,30.3,29.3,29,29.7,31.3,33.3,34.7,36.3,38.3,38.7,36,30,24.3,20.3,19,19.3,20,22.3,25,27,26.3,26.3,25,24.5,22.2,21.2,20.7,20.7,21.7,23.3,25.3,27.3,27.7,28,27,26.7,26,26.3,27.3,28.5,30.5,31.8,33.7,33.7,34.7,34,33.3,30.7,29,28.7,30,31.7,33.3,35.3,38,39.7,41.3,39,36.7,33.3
"San Antonio-New Braunfels, TX Metro Area","Metro",41700,2570862,,,,38.7,38,37.2,35.8,34.2,32.7,32.7,33.8,34.2,35.5,36,37.3,39.3,39,38,37.7,38,37.7,34.7,32.7,33.3,35.3,38.7,39.3,40.7,40.3,37.5,31.5,25.2,22.3,20.7,20.3,20.5,21.2,24.2,26,28,26.3,24.7,24,24.3,25.7,24,23,22.3,24,26.3,29.7,32.7,34.3,34.3,33.3,32.3,31.7,31.5,31.7,33.3,34.2,36.3,36.3,38.7,37.7,37.3,34.3,33,31,30.3,31,31.7,34,36.3,39.7,41,42.3,42,39.7
"Portland-Vancouver-Hillsboro, OR-WA Metro Area","Metro",38900,2505312,,,,35.3,34.2,32.8,28.3,26.2,22.5,21,21,23,26,28.7,32.3,34.7,34.3,31.3,29,26.7,25,22.7,22.7,24,25.3,27.7,30,34,33,30.3,24.3,21,17.7,16,15,15,16.3,17.8,19.8,19.7,19.8,17.8,17,16.3,17,17.3,17,17,18.3,21.7,26.8,29.3,28.7,26.8,26.7,27,27,26,26.3,26.7,29,32,35.5,37.5,37.2,35,32.3,30.3,28,27,26.7,28,30.7,33.3,37.7,39.7,40.3,38,35.3
"Sacramento-Roseville-Folsom, CA Metro Area","Metro",40900,2394673,,,,24,23.2,25.7,23.8,20.8,18.2,17.5,18,20,21.7,23.3,25,27.7,28.5,26.8,24.7,22.2,19.5,16,14,13,12.3,12.3,13.3,13.7,13,12.3,12.3,11.7,10.7,9.3,10,12.7,15.5,18.2,21.5,23.3,28.8,26.2,25.5,20,18.7,19,19,20,18.3,18.7,19.7,23,24,24.7,23,22.3,20.7,19.7,20,22,24.3,26.8,28.8,29.5,27.3,24,23,21,20,17.5,18.5,19.2,21.3,24,25.7,26.2,25.2,24.5,23
"Pittsburgh, PA Metro Area","Metro",38300,2365501,,,,43.5,46.2,41.8,33.3,27.2,24.8,22.5,17.7,17.3,20.2,24,28.8,30.5,35.7,33.5,31.3,25.5,25.2,25,26,27.3,35,39.7,43.3,44,43.3,41.5,33.2,28.8,26.3,26,23.3,20.2,19.8,20,23,27,36.2,39,34.3,26.5,22.8,22.2,21.7,22,26.2,29.2,32.8,35.3,34,30.7,26.5,28.5,32.8,38.8,42.2,42,37.5,39,42,44.8,43.5,36,32.5,27.3,28.7,30.2,32.2,36.5,40,47,46.5,43.2,36.5,33.7,31
"Austin-Round Rock-Georgetown, TX Metro Area","Metro",12420,2296377,,,,36,36,33.3,31.7,27.7,25.7,25.3,29,31.7,34.7,34.3,36,36.7,37,35.3,33.7,31.3,29.7,28,29,32,34.7,37.3,38,39.7,39.3,35,27.7,21.2,18.2,16.7,17.2,17.2,18.3,17.7,20.3,21,21.3,18.7,20.3,21.7,23.7,23.3,23,24.3,25.3,26.7,29,31.7,34,33.7,31.3,29.5,29.8,31.8,33.7,34.7,35,35.7,37,38.7,38.3,36.3,33.7,32.7,33,35,37.3,40,41,43,42.8,45.5,46.2,45.7,41
"Houston, TX","City",4835000,2296253,"Texas","Harris County","Houston-The Woodlands-Sugar Land, TX",41,42.3,42,38.7,35.7,32.7,32.3,31.3,33,35,37,37.7,38,38,37,36,35,33.3,32.3,31.7,33.7,36,39,40.7,41.7,40.7,38,32.3,27.7,24.3,23.7,23.3,22.7,23,23.7,25.3,25.7,23.8,22.8,21.8,23.3,23,22.7,21.3,21.3,22.3,25,26.7,27.7,27.3,27.3,26.3,25.7,25.3,26,28.3,29.7,30.3,30.3,31.3,32.8,32.5,31.8,30,28.3,27,28,29.3,30.7,30.7,32.7,35,37.3,36.3,34.3,31.3
"Las Vegas-Henderson-Paradise, NV Metro Area","Metro",29820,2265926,,,,22.3,22.5,22.5,22.5,21.3,19.3,19,20.7,23,24.7,25.8,27.2,29.8,31.7,31,29.3,26.7,24.3,21.3,19.3,18,17,17,19,20.7,21.7,20,17,14.7,12.7,12,11,10,12.7,14.7,19,18.3,18.3,19.7,19.7,22.3,21,23.7,22.3,22,20.3,21.3,23.7,27.3,29,29.3,26.7,25.3,24,25.3,25.8,25.8,25.8,27.2,29.8,30.8,30,30.3,29.3,29.3,28.3,29.3,29,29.3,29,31.3,32.3,35,34.3,33.7,31
"Clark County, Nevada","County",32003,2265926,"Nevada","Clark County","Las Vegas-Henderson-Paradise, NV",22.3,22.5,22.5,22.5,21.3,19.3,19,20.7,23,24.7,25.8,27.2,29.8,31.7,31,29.3,26.7,24.3,21.3,19.3,18,17,17,19,20.7,21.7,20,17,14.7,12.7,12,11,10,12.7,14.7,19,18.3,18.3,19.7,19.7,22.3,21,23.7,22.3,22,20.3,21.3,23.7,27.3,29,29.3,26.7,25.3,24,25.3,25.8,25.8,25.8,27.2,29.8,30.8,30,30.3,29.3,29.3,28.3,29.3,29,29.3,29,31.3,32.3,35,34.3,33.7,31
"King County, Washington","County",53033,2254371,"Washington","King County","Seattle-Tacoma-Bellevue, WA",34,33.3,33.3,30.7,26.7,22.7,21,21.3,24,26.7,29.7,31.7,31,28.7,24,23.5,24.2,25.2,25,24.7,27.7,30.7,35.3,39,41,39.7,35.3,31.3,26.3,22,18,16.3,17.7,21.3,27,31.3,33.3,31.3,29,26.5,24.8,22.8,21.3,22,24.3,27.7,31.7,35.3,36.3,35,32,30.3,28.3,26.3,25,25.3,27.7,29.7,33.7,37.3,39.3,36,32,29,27.7,25.3,24.7,25.3,28,30,32.7,35.7,36.3,35,32,31.7
"Cincinnati, OH-KY-IN Metro Area","Metro",17140,2253528,,,,32.2,32.5,30.3,24.7,21,16.3,15,14.3,16.3,18.3,22.8,25.5,28.8,28,27.3,27.3,25.3,23.3,19.3,19.3,21,22.7,25.3,27.3,32.7,31.7,27.7,19.7,15,12,10.7,10.7,10,11.3,14.2,16.5,16,14.8,15.7,16,14.3,11.8,12.3,13.3,15.2,16.5,19.5,25.3,29,31.7,29.3,25.2,21.8,19.5,19.3,18.7,21,22,24.3,27.2,30.2,31.8,30.3,28.7,25.7,22.7,21.3,24,27,30.7,32.8,38.5,40.2,38.3,32,29.7
"Kansas City, MO-KS Metro Area","Metro",28140,2190750,,,,36.2,40.2,40,36,31.3,28,28.7,28.3,31.7,34.3,36.7,39,40,40.3,36,32.3,29.7,29,28.2,27.5,27.2,29.5,31.5,34.2,36.3,35.7,33.7,28.7,25.7,23.7,23,23,22.7,23.8,26.5,28.8,31,31,28,24.7,22,24.7,26.7,26.2,25.8,25.2,26.5,29.8,32.2,34.3,30.7,27.7,25.7,25.3,26.7,28.5,32.2,34.5,36.3,36.3,36.7,35.3,33,29.3,27.7,28,29.7,31.7,32.3,34.5,36.2,38.7,41.2,41.2,38,32.3
"San Bernardino County, California","County",6071,2180563,"California","San Bernardino County","Riverside-San Bernardino-Ontario, CA",24.8,24.2,21.8,21.7,20.3,18.7,19,18.7,20.7,20.3,22.3,24.8,27.5,29.2,27.7,29,28.7,25.3,18.3,13.7,14.2,15.5,15.8,16.7,16.7,16.8,15.8,15.5,15,14.3,13.7,14.7,18.3,23,27.3,28.7,27.2,26.8,25.3,26.5,24.5,24.7,23.3,22.7,21.3,21.3,22,23,24,24.3,23,21.3,22.2,23.5,22.5,19.3,19,20.3,24.3,22.8,21.8,19.5,21,21.3,20.7,20.7,20.7,20.7,19.3,19,20,21,20.5,19.8,19.5,21.3
"Columbus, OH Metro Area","Metro",18140,2137223,,,,35,34.3,26.2,19.8,15.5,14.3,15,15.7,19.7,24,31.7,35,34,31,26.3,25.3,22,21.3,20,20.7,20.7,22.3,25.3,29,31.3,31.3,30,26,20.7,16.3,14.3,14.7,12.8,16.5,18.8,20.7,18.7,17.7,18,15.3,13,13.2,14.7,17,17.8,19,21.5,25.2,27.5,27.5,26,23.7,20.8,19.7,20,21.3,22.7,26.3,31,34,33.7,30.7,28,25.3,24,24,24.7,26,26.3,28.7,30.3,33.3,35.3,37,34,30.7
"Tarrant County, Texas","County",48439,2113854,"Texas","Tarrant County","Dallas-Fort Worth-Arlington, TX",33,32.3,32.5,28.8,27.5,27.3,29.7,30.7,33.3,34.7,38.3,40.5,41.5,39.8,36.7,34.3,33.2,32.2,31.5,31,32.3,33,36,36.7,37.7,36.2,32.2,26.5,21.3,19.3,18.7,18.3,18,21.7,24.7,27.7,26.7,25.7,26,23.3,22,20,20.3,20,20.7,21.8,24.2,27.5,30.3,30.7,28,26,25.3,25.3,27,27.3,28.7,29,31.2,32.8,34.2,33,32,30.8,30.2,29.8,30,30.3,32,33.7,36.7,38.3,40,39.7,37.7,34
"New Mexico","State",35,2112463,"New Mexico",,,35.7,32,26.3,23,21.3,18,16.8,16.5,18.8,21,25,27,29,29,27.2,26.8,24,22,19,17.5,20.3,21.3,21.7,23.3,24.7,27.7,24,21.3,15.7,13.3,12.3,13.3,12.7,11.7,14,20.5,25.2,24.8,21.8,19.5,21.2,21,21.3,17.7,18.7,18.3,23.5,23.2,26.2,25,25.3,24,22.3,23.3,24,24.5,22.3,22.3,23.5,27.3,30.3,29.5,26.8,23.5,24,24.7,24.7,24.3,25.3,26,29.7,31.7,34,32.5,30.8,29.7
"Indianapolis-Carmel-Anderson, IN Metro Area","Metro",26900,2109957,,,,32.7,34,31.3,27,24,23.3,25.7,28,30.3,32,34.7,39.3,39,37.7,33,32.3,30.3,29,28,28,29,29,28.3,27.3,27.3,26,24.3,21.3,18.3,16.7,16,17,16,15.3,15,15.3,16.3,17,17.8,16.5,14.8,13.7,15,16,18,18.7,20.3,22.7,26.7,28.3,27.3,23.7,21.7,20.7,21.7,23.2,25.2,26.8,30.7,32.3,34.3,30.7,29,24,23,21.7,23,24,25.7,28,29,30.3,31.7,31.3,28.5,24.5
"Bexar County, Texas","County",48029,2014059,"Texas","Bexar County","San Antonio-New Braunfels, TX",38.7,38,36.3,35.3,33.7,32.3,32.3,33.7,34.3,35.7,36,37,38.7,38.3,37.7,37.7,37.7,37.7,34.3,32.7,33,35,38.7,39,40.3,39.7,37.3,32,26,23.3,21.7,21.3,21.5,22.5,25.5,27.3,29,27,25,24.3,25.3,27,25,23.3,22.3,24,26.3,29.7,32.7,34.3,34.3,33.7,32.7,31.8,31.2,31.8,33.7,34.7,36.7,36.7,39,37.3,37,34,32.7,30.7,30,31,31.7,34.2,36.5,40.2,41.3,42.3,41.7,39.3
"Nashville-Davidson--Murfreesboro--Franklin, TN Metro Area","Metro",34980,1990873,,,,37.7,37,34.3,32.7,30.3,27,24.3,22.7,27,28.3,32,30.7,30.7,29,28.3,27.7,26,26,26.7,27.3,29.7,31.8,35.8,38.2,39,38.3,33.7,30,24.3,21,17.7,17,16.3,17.3,19.7,23.3,24.5,21.2,18.8,17,19.7,19.7,20.3,19.7,20.7,22,24.3,28,29,27.5,24.2,23.2,23,24.2,25.5,28.3,29.2,31.8,33.7,35.3,36.3,35,33.5,29.2,27.3,26.2,27.5,29,31.3,33,35.3,37.2,39.2,36.5,33.7,31.7
"San Jose-Sunnyvale-Santa Clara, CA Metro Area","Metro",41940,1981584,,,,35.8,35.8,33.7,30.3,28.3,25.2,23.8,24.5,28,30.7,34.3,35.3,35.7,33,29,30.3,31,32.7,29.5,28.8,31.8,35.3,38,39,39.7,39.3,38.7,35.3,32.8,28.5,25.8,24.7,26.8,30.5,31.2,32.3,32,33.7,32.7,33,29,26.3,23,24.7,28.5,32.2,33.8,34.3,34,34,33.3,32,30.7,28.3,28.3,29,30.3,33.3,36.7,38.3,37.7,35.3,33.7,31,29.3,27,26.7,28,32,35.3,37.7,39.3,39,37.3,33,30.7
"Broward County, Florida","County",12011,1940907,"Florida","Broward County","Miami-Fort Lauderdale-Pompano Beach, FL",36,36,33.7,31.3,29.7,29.7,29.3,29.3,31,30.7,30.7,29.7,30,30,29,30.2,28.8,27.8,25.3,25.3,26.7,26.7,28,27.3,29,26.7,24.3,19.7,17.2,15.5,14.8,14,14,13.3,13,12.3,12,13.7,15.7,18.7,19.3,19.3,18.7,18.7,20,21,22.7,23.5,23.8,22.8,21,20.7,21,21.5,21.8,22.2,23.3,24,24.3,23.3,24.3,24.7,24,22,21.3,22.7,25.3,26.7,29,28.5,30.8,31.5,33.3,31.7,30,28
"Santa Clara County, California","County",6085,1916831,"California","Santa Clara County","San Jose-Sunnyvale-Santa Clara, CA",35.8,35.8,33.7,30.3,28.3,25.2,23.8,24.5,28,30.7,34.3,35.3,35.7,33,29,30.3,31,32.7,29.5,28.8,31.8,35.3,38,39,39.7,39.3,38.7,35.3,32.8,28.5,25.8,24.7,26.8,30.5,31.2,32.3,32,33.7,32.7,33,29,26.3,23,24.7,28.5,32.2,33.8,34.3,34,34,33.3,32,30.7,28.3,28.3,29,30.3,33.3,36.7,38.3,37.7,35.3,33.7,31,29.3,27,26.7,28,32,35.3,37.7,39.3,39,37.3,33,30.7
"Virginia Beach-Norfolk-Newport News, VA-NC Metro Area","Metro",47260,1798025,,,,34.2,30.8,29.5,27.5,27,23.3,24.7,23.3,26.7,28,28.7,28.3,30,31,28.7,24.7,22,20.3,18.3,16,14.5,13.5,14.5,14.3,16.3,16,16.7,13.3,11,9.3,10,11,14.7,17,20.8,20.3,23.3,24.5,24.3,21.7,18.2,17.5,16.8,15.7,15.3,16,18.7,19.7,19.7,19.3,19.3,19.3,18.7,17.7,17.7,18.3,19.7,18.3,18.3,19.3,22,23,21.7,20.3,19,18.3,18,17.7,18.7,19.7,23.5,27.2,29.2,27,24.7,21.7
"Alameda County, California","County",6001,1663823,"California","Alameda County","San Francisco-Oakland-Berkeley, CA",31.2,29.5,27.8,24,23.5,23.5,24.2,24.2,25.8,28.2,32,34.7,36.7,37,33.7,33.7,32.3,33,27.8,26.5,28.5,32.3,35.7,40.7,43.2,41.7,37,33.2,31.3,28,26.7,26.3,28,32,33,34.5,33.8,34.2,34.5,32.7,32.7,29.8,29.2,28.8,32.8,33.7,37,36,41,40.3,41,36.7,33.7,30.7,29.3,30.3,31,32.3,34.3,37.3,41.3,42,42.3,39.7,36.7,33.3,30.7,32.3,34.7,37.7,37.7,38.2,36.8,36.2,34.3,35
"New York County, New York","County",36061,1645867,"New York","New York County","New York-Newark-Jersey City, NY-NJ-PA",34.7,33.7,30,27.8,25.5,23.5,22,24.3,28.7,33,39.3,38.3,39.3,35.7,35.7,34.7,32.3,30,28,28.7,31.7,35.7,42,45,45.3,43.7,40.7,39,34,30.3,25,26,30.7,35.2,35.8,31.3,32.2,34.8,36,34,26.3,23,21,22.7,27.3,28,32.8,35.5,40.3,37.5,33.3,28.8,25.5,22.7,21.3,25,30,33.3,37.3,39,40,37.3,33.3,28.2,24.5,23,26.5,29.5,34.7,37.7,43.3,42.5,42.7,35,30.2,23.8
"Middlesex County, Massachusetts","County",25017,1623109,"Massachusetts","Middlesex County","Boston-Cambridge-Newton, MA-NH",42.7,42.3,38.5,29.2,25.2,22.7,24,26.7,32,35.3,36.8,37.2,37.7,37.2,32.5,28.7,25.3,26,25,26.7,32.3,39,43.3,43.3,44.8,42.8,39.8,32.3,27,24,24,26,28.3,32,37,39.8,41.2,36.5,31.3,24.7,21,19.3,20.7,25,31.2,35.2,38.8,40,40.3,38.3,32.3,27,22,22,23.3,26.7,30,33,34.3,36.7,38.8,37.8,34.5,28,24.3,21.7,24,27.7,33.3,36,39.2,40.2,42.5,38,32,24.7
"Jacksonville, FL Metro Area","Metro",27260,1613587,,,,28.7,30.3,28.3,27.8,26.5,27.2,26.7,26.7,27,27.3,30,32.5,33.8,34.2,32,33,31,29.7,26.3,24,24,24,24.3,25,26.3,26.7,23.7,18.3,15,14.3,16,17.7,17,18,20.7,28,32.3,32,28.3,24.7,22.7,21.7,21.8,21.8,21.5,21.7,24.3,26.3,28.3,27.7,25.7,22.7,23,22.7,23.7,25.3,26.5,26.5,25.5,27.7,28.3,27.7,25.7,25.2,23.2,23.5,24.2,25.5,27.5,29.3,30.3,31.3,30.7,31.7,29.7,28.3
"Phoenix, AZ","City",455000,1609456,"Arizona","Maricopa County","Phoenix-Mesa-Chandler, AZ",20.3,20,20,19.3,18.7,18,18,17.7,18.7,18.7,20.3,21.3,22.5,22,21.2,21,21.5,21.7,21,21.3,22.3,23.3,24,24,23.3,21,18.3,15.5,13.2,11.8,12,13.3,13.3,15.2,16.8,19.8,20.8,22.5,22.7,23.2,20.7,21.3,20.7,21.8,22,23.5,26.2,27.2,29.7,28,27,24,23.3,23.3,23.7,25.7,26.7,29,30.3,32.3,33,32,30.3,28.3,27.7,27.7,28.7,29.7,31,32.3,33.3,34.3,34.7,33.7,31.7,28
"Philadelphia County, Pennsylvania","County",42101,1593208,"Pennsylvania","Philadelphia County","Philadelphia-Camden-Wilmington, PA-NJ-DE-MD",43.3,43.5,35.5,29.8,25.3,24,23.3,23.3,26.3,32,36,36.8,36.8,36.2,32.7,27.3,23.3,25.3,29.2,33.8,38.7,41.8,47.3,53.5,60.2,60.3,52.5,37.8,26.2,19.3,19,20,23,25.3,28,33.3,35.3,36,31.8,27.5,22.2,20.3,20.8,24.8,29.8,35,44.8,48.5,52.8,48,44,35.3,30,27.7,30.7,33,35.3,39.7,42.3,42.7,48,48.3,46.7,34.3,27.3,27.7,30,35.3,39.3,43.3,46.7,48.2,52.2,53.5,48,37.7
"Philadelphia, PA","City",4260000,1593208,"Pennsylvania","Philadelphia County","Philadelphia-Camden-Wilmington, PA-NJ-DE-MD",46.7,48,39.7,31.5,25.8,24.5,23.7,23.7,26.7,32.3,36,36,36.2,35.8,33.2,27.7,23.7,25.7,29.5,34.2,38.5,41.2,46.5,52.5,59.5,59.8,52.5,38,26.3,19.3,19,20,23,25.3,27.8,33.2,35.5,36.3,32.2,27.5,22.2,20.3,20.8,24.8,29.8,34.8,44.8,48.5,53,48,44,35.3,30,27.3,30.3,32.7,35.3,39.5,42.2,42.5,48.2,48.5,46.8,34.3,27.3,27.7,30,35.3,39.2,43.2,46.5,48.3,52.3,53.7,48,37.7
"Sacramento County, California","County",6067,1579211,"California","Sacramento County","Sacramento-Roseville-Folsom, CA",18.7,19,23,23,19.7,15.3,15.3,16,19.3,21,22.3,24.3,27,28.3,26.3,25.7,22,18.3,13.7,12.7,13,12.3,12.7,13,13.3,13.3,13,13.3,11.7,11,9.3,10.7,13,15.7,17.3,20,22.5,28.3,26.2,25.2,19.7,18.2,19,18.7,20,18.7,20,21,24,25.3,26.3,24.3,23.3,21.3,20,20.3,22.7,25,27.3,29.3,30,28.3,25.3,23.7,21.7,20.7,19,19,19,21.3,25.3,27,27,25.3,25,23.7
"Palm Beach County, Florida","County",12099,1494805,"Florida","Palm Beach County","Miami-Fort Lauderdale-Pompano Beach, FL",34.7,32.7,31.7,28.7,28.5,28.8,31.8,32.3,34,32.3,32.2,31.2,33.2,32,30.3,29.7,30,30.3,28.7,29.3,29,27,25.3,25,26.3,24.3,22.3,19.3,17.3,15.3,15.3,16,17.7,16.7,15.8,12.5,13.3,14.5,17.2,16.8,18.5,19.2,24,23.8,26.2,23.5,26.3,25.5,27.8,26.5,26.3,24.3,23,23.7,25.3,26.3,25,25,27,30.3,31,31,29.3,28,27.3,28.3,30.7,29.7,31,30,32.2,33.8,34.2,33.7,30.3,28.7
"Hillsborough County, Florida","County",12057,1468560,"Florida","Hillsborough County","Tampa-St. Petersburg-Clearwater, FL",33.2,32.5,30,27,23.3,23.7,25,28.3,30.7,31,31,30,31.3,31.2,28.5,26.5,24,22.7,21.3,21.3,23,25.7,27.7,28.3,27.7,25,21.3,16.7,14,12.3,11.3,11.7,12.5,14.5,15.5,18.3,22.5,23.8,24.2,21,21,21.7,23.3,23.3,21.7,20.7,22,20.3,22,21,23,21,20.7,20.7,21,21.7,23.7,25.7,27.7,29.3,31,30,27.3,23.7,22,22,23.3,26.3,29,32.3,31.7,32.3,31.7,31.7,28.3,26.3
"San Antonio, TX","City",4865000,1445662,"Texas","Bexar County","San Antonio-New Braunfels, TX",39,38,36.3,35.3,33.7,32.7,32.7,34,34.7,36.3,36.7,37.7,39.3,39,38,37.7,37.3,37,33.7,32.5,33.2,35.2,38.7,39.3,40.7,39.7,37,31.3,25.7,22.7,21.3,20.7,21.3,22,25.3,26.8,28.8,27.3,25.5,24.8,25,26.7,24.7,23.3,22.7,24.3,26.7,29,31.7,33,33.3,32.7,32,31,31,31.7,33.5,34,36,37.2,39.7,38,37,33.7,32.3,30,29.3,30,31,33.3,36,39.3,41,42,41.7,39.3
"Orange County, Florida","County",12095,1427403,"Florida","Orange County","Orlando-Kissimmee-Sanford, FL",25.2,23.8,28,27.3,27.7,25.3,28.7,28.7,29.7,28.3,30,32.3,32,31.3,29,30,30.7,29.3,27.3,26.3,27,30,30.7,32,31.3,30.7,28,24.7,20.3,18.3,16.7,18.7,19,20.7,21.7,25.5,25.8,25.5,20,18.7,17.8,20.2,20.8,21.3,21.7,22,22,21.3,20.7,20.7,21.3,22,21,20,21.7,22.7,24.3,24.7,26.7,28,28,27.3,25.7,25,25,26.5,27.8,27.2,26.3,26.3,28,29.7,29.7,29,29.3,29
"Raleigh-Cary, NC Metro Area","Metro",39580,1420825,,,,35.7,38,37.2,31.8,28.8,26.3,27,26.3,28.7,29.3,30,31,31.7,33.7,30.3,29.7,27.3,28,26.7,26.7,28.7,32,34,36,36.3,36.3,32,26.3,21.3,17.3,16.7,17.2,16.2,14.8,16.3,17.7,22,21.3,23,21.3,22.3,21.8,20.2,18.8,20.3,21,23,24.7,28.5,28.8,29.2,27,26,24.7,24.7,25.3,27.3,30,31.7,33.7,34.3,34,32.7,31.7,31.5,31,30.3,30.2,31.3,33.7,39,41.3,43.3,40,38.3,33.7
"San Diego, CA","City",666000,1383987,"California","San Diego County","San Diego-Chula Vista-Carlsbad, CA",34.7,36,33.7,29.5,25.2,22.2,20.7,21,23,24,25,28,31,32.7,30.7,29,25.7,24,21.7,22.7,23.7,25,26.7,27.7,28,28.3,26,23.3,18,14,11.3,11,15,20.8,23.5,24.3,24,26.3,25.8,23.7,21.7,20.7,19,18.3,19.3,23,25,27,27.3,26.5,26.5,24.8,24.3,21,21,21.3,24.3,26.3,31.7,34.3,37.7,35.3,34.7,32.3,32.3,30,29.3,28,28.3,28.3,29.2,31.8,34.5,34.3,32.3,30
"Franklin County, Ohio","County",39049,1318149,"Ohio","Franklin County","Columbus, OH",34.8,34.5,26.5,20.5,16.2,15.5,15.7,16,18,23.2,30.5,35.2,33.7,31.5,26.7,24.7,21,20.8,20.2,20.3,20,21.7,24,28,31,32.3,30.3,25.7,20,16.3,15,15.8,14.2,17.5,20.3,21.7,19.7,17.5,17.5,14.7,12.8,13.5,15.5,17.2,18,18.8,22.2,25.8,29,28.8,27.3,24.5,22,20.7,21,21.7,23,26.3,31.3,35.3,35,31.7,27.7,25.3,24,24.5,25.2,26.3,26.5,28.8,31,34,35.8,36.5,33.5,29.8
"Dallas, TX","City",4819000,1300642,"Texas","Dallas County","Dallas-Fort Worth-Arlington, TX",34.7,35,34,31.2,29.5,27.2,26.7,27.7,30,32,34.3,36,37.7,37.3,35.3,32,29.3,28.7,28.7,30.3,32.3,34.7,35.3,36.3,38,38.3,35.7,29.7,24.3,20.7,19,18.7,18.7,21.3,24,27,27,26,24.3,22,19.7,18.3,18.3,19.3,20.7,23,25.7,27.3,27.7,27.3,26.7,26.3,25.7,26,26.7,28.3,30.3,32,34,34.7,35.3,34,32.7,30.3,29,28.7,29.7,31.3,33,36,39.3,40.3,42,39.3,38.3,34.2
"Travis County, Texas","County",48453,1289054,"Texas","Travis County","Austin-Round Rock-Georgetown, TX",35,34.7,32.3,30.3,26.3,25,25.3,27.7,30.3,33.3,34.7,36.3,37,37.7,36.3,34,30.7,28.7,27.7,29.3,32.7,35,38,38.7,40.3,40.3,35.5,28.2,21.2,18.3,17,17.7,19,20.3,19.3,21,21,21.2,17.8,19.2,20.7,23,22.3,21.7,23,25.3,26.3,29.3,32,34.3,33,29.7,28,28.7,31.3,33.7,34.3,34.7,35.3,37,38.7,38,35.7,32.7,31.7,32,34,36.3,39.7,40.7,42.7,44,46.3,47,44.2,39.5
"Louisville/Jefferson County, KY-IN Metro Area","Metro",31140,1282588,,,,37,36,31.5,29.5,31.2,30.5,28.8,29.8,32.3,35.3,36.8,40.8,42.8,42,40.2,37.8,37.8,33,30.7,25.3,26.3,25.7,28,28.7,31.2,35.8,39.8,36.7,31.3,23,20.3,19,16.3,15.7,15.2,21.8,23.2,29.2,25.7,27,19.8,20.2,21.5,21.8,21,19.5,21.8,26.8,28.3,29.5,25.5,24.2,22,22,22.3,23.2,25.8,26.8,29.3,30,31.7,30.3,27.3,23.7,21.3,20,20.5,20.5,21.5,23.5,27.5,31.2,33.3,33.2,30.8,28.2
"Hennepin County, Minnesota","County",27053,1270787,"Minnesota","Hennepin County","Minneapolis-St. Paul-Bloomington, MN-WI",44,46.5,38.8,32.3,27.5,26.2,24.7,27.2,29,34.7,39.5,45,50.3,46.8,39.2,29.5,28,29,30.3,32.7,37,42,47.7,51.7,58.7,58,53.7,42.7,35.3,31,31,31.5,33.5,37.7,38,42.3,38.5,39.2,34.2,35.8,35.2,34.5,33.5,33.3,35,36.7,41.3,44.7,47.3,45,43,38,34,32,31.3,34.3,38.8,45.5,49.5,52.3,53.2,50.2,43.5,36.7,34.7,35,35.7,37.7,41.3,47.7,51.3,55.5,56.5,52.5,44,34
"Salt Lake City, UT Metro Area","Metro",41620,1254675,,,,25.7,27,28.7,28.2,27.2,26.8,27.3,27,25.7,25.7,30,32,33.7,31.7,32.8,32.3,32.7,30.8,29.7,28.3,29.7,31.7,34.8,36.8,35.8,32.3,25.7,20.7,16.2,14.2,13.5,14.5,15.7,18,21.3,24.2,25.2,22.8,23.8,24.3,28.2,28.2,29.5,28.7,27.7,26.7,27.2,29.2,34,35.8,35.5,30.8,28.3,28.3,29,31,32,33,35,35.3,35.8,34.2,34.5,34.3,34,32,32.2,33.2,35.8,38,40.8,43,44.5,45.3,42.5,39.7
"Allegheny County, Pennsylvania","County",42003,1245310,"Pennsylvania","Allegheny County","Pittsburgh, PA",45.8,49.2,45,35,28.7,25.7,22.7,18,17,20.3,24,28.8,30.5,35.7,33.5,31.5,25.7,25.5,25.2,25.8,26.7,34.3,39.3,43,43.5,42.5,41.3,33.2,29.2,26.7,27,24.3,20.8,19.8,20,22.8,26.8,36,38.7,34,26.3,23.2,22.5,21.5,21,24,27.3,31.3,34.8,32.5,29.2,25.3,28.3,33,38.8,42.2,42,37.5,39,42.5,45.2,44,36.2,32.8,27.3,28.5,29.5,31.3,36.5,41,48.3,47.2,43,36.3,33.3,31.3
"Hartford-East Hartford-Middletown, CT Metro Area","Metro",25540,1215703,,,,33.7,36.2,35.2,26.8,24,23.5,28.7,28.3,29.5,31.5,33.2,30.2,28.5,28.7,28.7,27,24.3,22.3,20.5,21.7,22.5,23.3,23.2,25.3,25,25.2,23.5,22,19,16.7,15.2,13.8,14.2,16.7,20,24.7,25.3,23.8,19,15.3,13.5,14,14.5,18.2,22.5,29,34.3,33.8,33.7,26.7,26.5,22,23.7,22,21.7,23.3,24.3,27.3,31.7,34,34.8,31.8,29.8,25.7,22.3,22,24.3,24.7,25,28.5,30.2,31.5,30.7,34,33.7,29.7
"Salt Lake County, Utah","County",49035,1180643,"Utah","Salt Lake County","Salt Lake City, UT",25.7,27,28.7,28.2,27.2,26.8,27.3,27,25.7,25.7,30,32,33.7,31.7,32.8,32.3,32.7,30.8,29.7,28.3,29.7,31.7,34.8,36.8,35.8,32.3,25.7,20.7,16.2,14.2,13.5,14.5,15.7,18,21.3,24.2,25.2,22.8,23.8,24.3,28.2,28.2,29.5,28.7,27.7,26.7,27.2,29.2,34,35.8,35.5,30.8,28.3,28.3,29,31,32,33,35,35.3,35.8,34.2,34.5,34.3,34,32,32.2,33.2,35.8,38,40.8,43,44.5,45.3,42.5,39.7
"Fairfax County, Virginia","County",51059,1145354,"Virginia","Fairfax County","Washington-Arlington-Alexandria, DC-VA-MD-WV",36,34.3,31.7,27.7,24,24,25.7,29,31.2,32.8,32.5,33,34.7,36.3,33,29.7,27.7,28.7,29.3,29,31.7,35,39.3,42.3,43,40.8,36.7,31.7,28.2,25.3,25.7,26.7,31,34.3,40.7,41,42,36.7,32.3,27,24.3,23.3,24.3,26,28.7,31,33,35.7,36,35,32.2,29.8,28.5,27.7,28,29,33.3,35,38.7,39.3,39,35,31,29,27.7,26,27,28.7,33,35.3,39,39,39.5,36.5,33.5,30
"Wake County, North Carolina","County",37183,1132103,"North Carolina","Wake County","Raleigh-Cary, NC",36.3,39,37.7,32.7,29.7,27.3,27.7,26.7,28.7,29.7,30.7,31.7,32.3,34.3,31,30.3,28,28.7,27,27,29.3,33.3,35.3,37.3,37.3,37.7,33,27.3,21.7,17.7,16.7,17.3,16.3,15,16.3,17.3,22,21.8,23.8,21.8,22.7,22.3,20.7,19,20.3,21,23,24.7,28.7,28.7,29,26.7,26,24.7,24.7,25.3,27.3,30,32,34,34.8,34.2,32.8,31.7,31.7,31,30.3,30,31.3,33.7,39,41.5,43.8,40.8,39,34
"Mecklenburg County, North Carolina","County",37119,1115403,"North Carolina","Mecklenburg County","Charlotte-Concord-Gastonia, NC-SC",36.2,36.5,34.3,31,30.3,28.3,29.3,29.7,33,33,35,37,39.3,38,34,30.7,29,28,26.7,27,29.7,32.7,32.7,31.7,32.3,32,30,25.3,21.3,19,18.3,19,17.3,16.3,14.3,15,16.7,16.7,17.3,16,18.3,17.3,17.7,17,18.3,19.3,21,23.7,24.3,25.3,23.7,24.3,23.7,25,25.3,26,26.3,26,27.7,31.5,33.8,32.8,31,30,29,27,26,27.7,30.3,33.3,35.7,37.3,38.5,37.2,35.2,32
"Collin County, Texas","County",48085,1079153,"Texas","Collin County","Dallas-Fort Worth-Arlington, TX",44.3,45.3,39,35.7,33,32.3,32,31.3,30.7,31.3,33.3,37,38,37.3,33,30.3,29.3,29.7,30.3,31,32.3,35.3,37,38.7,37.7,35.7,31.3,25.7,21,18,16.7,16.7,18.3,21.3,25.3,26.3,28,19,17.8,15.2,22.2,22,22.5,21.8,23.5,25.3,27.7,30.7,31.3,30.3,28,26.7,26.7,26.7,28,29,31.3,31,32.7,33.7,35.7,33.7,32.3,30.3,30.7,30,31,32.3,33.3,36.3,38.3,41.7,41.7,40,37,34.7
"Fulton County, Georgia","County",13121,1061944,"Georgia","Fulton County","Atlanta-Sandy Springs-Alpharetta, GA",35.3,35.7,33.3,31.7,29.3,28,28.7,29,32,31.7,32.7,33.3,35.3,35,32.3,30.3,29.3,28.7,27.7,28,30,31.7,33.7,34,34.3,31,28.3,23.7,21,18.7,18.3,18.2,17.5,18.2,19,21,21,22,21.3,22.5,22.5,21.8,20.3,20.7,22,24,25.7,29.2,30.5,29.8,27,24.3,23,22.7,23.3,23.8,25.5,26.8,29.7,33,35.3,35.3,32.3,30,28.3,26.3,26,26,28.3,30.7,33.3,36.3,37.3,36,33.3,31
"Montgomery County, Maryland","County",24031,1056910,"Maryland","Montgomery County","Washington-Arlington-Alexandria, DC-VA-MD-WV",33.5,33.5,34.2,30.5,27,23,23.7,25.3,27.7,28.5,30.5,31.5,33.5,32.5,28.8,27.3,27,28,27,26.3,28.7,31.3,33.2,36.2,38.5,38.7,34,29,25,22.7,21.3,21.3,24.3,26,28.7,32,33.7,33,28.3,25.8,23.8,24.5,25.2,27.5,28.5,29,30,29,32,32,32,28,25.3,24.7,24.7,25.7,26.3,25.7,26.7,27.3,29.8,28.5,26.2,23,21.7,21.3,23,24.7,27,28,28.3,29.7,31.3,30.7,31,28
"Pima County, Arizona","County",4019,1042393,"Arizona","Pima County","Tucson, AZ",18.5,15.2,13.5,13.2,15.8,15.3,15,15.8,17.8,21.8,22.5,24.8,25.8,25.7,24.3,23.7,22.7,21,17.3,15,14.3,14.3,16.2,16.2,18.2,18.3,17.7,14.3,11.7,10.3,9.3,8.3,7.7,8,9,9.7,10,12,12.7,12.7,11.3,11.2,12.8,13.2,16.3,19.2,22.8,26.3,27.7,26.3,25.5,23.3,23.7,21,22,21.7,23,23.8,28.2,31.5,33.3,30,27.7,27.3,27.3,27.7,26.7,28.3,29.7,32.8,36.7,40.3,42.5,44,42.3,37
"Tucson, AZ Metro Area","Metro",46060,1042393,,,,18.5,15.2,13.5,13.2,15.8,15.3,15,15.8,17.8,21.8,22.5,24.8,25.8,25.7,24.3,23.7,22.7,21,17.3,15,14.3,14.3,16.2,16.2,18.2,18.3,17.7,14.3,11.7,10.3,9.3,8.3,7.7,8,9,9.7,10,12,12.7,12.7,11.3,11.2,12.8,13.2,16.3,19.2,22.8,26.3,27.7,26.3,25.5,23.3,23.7,21,22,21.7,23,23.8,28.2,31.5,33.3,30,27.7,27.3,27.3,27.7,26.7,28.3,29.7,32.8,36.7,40.3,42.5,44,42.3,37
"Tulsa, OK Metro Area","Metro",46140,1017724,,,,34.2,33.5,30.7,35,37,39,32.3,28,28.7,29,29.3,30.7,29,29.5,24.5,26.2,26,27.7,26,27.7,25,26.3,28.3,31.7,34,32.5,30.2,26.5,21,17.3,13.7,13.7,16,18,21.7,22.5,27.5,28.2,29.7,22.7,19.3,16.5,19.2,21.5,22.7,21.3,20.7,20.2,23.8,26.2,26.7,26.7,27.3,24.7,20.7,15.3,16.8,18.5,22.3,23.2,24.7,22.2,21.5,20,21.2,20.8,18.5,19.3,23.3,24.7,27.7,27,30.3,27,24.2,23.5
"San Jose, CA","City",668000,1001176,"California","Santa Clara County","San Jose-Sunnyvale-Santa Clara, CA",29.8,30.5,30,26.8,26.2,22.7,21.7,22.3,25.7,25.7,28.3,28.5,29.2,28.7,26.7,26.7,21.5,22.7,21.3,22.3,25,29.3,31.3,31,29.7,30.7,31,30,28.7,24.7,23,22.7,26.7,31,32,32.3,31,32.8,32.7,34,29.5,27.7,24,25.7,27.3,31.7,32.3,33.7,32.7,33,31,30.5,29.5,27.8,27.3,28.3,29.5,31.8,35,38.7,37.7,34.8,31.7,30,28.7,26,25.3,25.3,28.3,31,34.7,36.8,36.8,34.5,31,26.3
"St. Louis County, Missouri","County",29189,999703,"Missouri","St. Louis County","St. Louis, MO-IL",33.7,35.3,36.3,35.8,36.2,29.2,26.3,24.2,29.3,32.3,32.5,31,29.8,28.8,26,24.3,20.7,21,20.2,21.2,19.8,19.7,22,23.5,25.7,26,27,26,23.3,21.3,18.7,17,16.2,16.8,18.5,21,21.3,19.8,21.5,21.3,21.2,16.8,19.7,20.7,24,21.2,22.5,22.8,28,29.3,30,27.7,26.3,25.7,27.7,28.3,28.8,27.2,30.2,34.3,36.8,37.2,33.8,32.3,30.3,30.7,31.3,36.7,38.3,40,40.3,44.7,47.3,50.3,46.3,43.5
"Duval County, Florida","County",12031,995708,"Florida","Duval County","Jacksonville, FL",29.2,30.5,27.8,27.7,26.3,27.3,26.7,27,27.7,28,30.3,33.3,35,35.7,33,34.3,32.3,31,27.7,25,25,24.3,25,25.3,26.7,26.7,23.7,18.7,15.3,14.7,16,17.7,17,19,21.3,29,32,31.3,26.8,23.5,21.8,20.7,20.7,21,21.3,21.3,23.3,25,27.7,27.7,25.7,22.2,22.5,22.8,24,26.3,26.7,26.3,25,27,27.7,26.3,24,23.3,21.3,22.3,24.3,25.7,28,29.2,30.2,31.2,29.3,30.3,27.7,26.7
"Marion County, Indiana","County",18097,971737,"Indiana","Marion County","Indianapolis-Carmel-Anderson, IN",30.7,31.7,29.3,25.7,24.3,24.3,27.3,29.7,31.7,32.7,34.7,39.3,38.3,37.7,32.8,32.5,29.5,28.3,27.3,28.3,29.7,30,29,27.7,27,25.7,24.3,22.3,19.7,18.3,17,18,17,16.3,16,15.3,16.7,17.3,18.7,17,15,13.3,14.7,15.3,17.5,17.8,19.8,21.7,26,28,27.3,23.7,21.7,20.5,21.2,22.5,24.5,25.2,28.8,30.3,33.3,29.7,28.7,24,22.7,20.5,21.2,21.5,22,24.7,25.7,28.5,29.8,30.2,26.3,22
"Pinellas County, Florida","County",12103,959918,"Florida","Pinellas County","Tampa-St. Petersburg-Clearwater, FL",28,28.3,26.8,25.3,23.8,21.3,24.2,24.5,25.8,25.5,26.5,27.8,27.5,28.7,27.3,26,24.7,23,23,21.7,21.7,21.7,22,23.3,24,22.7,22.3,20.3,18.3,14.3,11.3,11,11.7,13,16.3,20.5,27.2,26.2,27.7,23.7,26,25,25.7,26,24.3,24.2,24.2,27.2,28.7,28.3,25.7,23.3,23.7,25.7,28.3,31,30.7,32.7,32.7,34.3,32.7,32.3,32.7,30.7,29,26.3,27.7,27.3,27.7,28.7,28.3,27.3,26.7,27,28.3,28.3
"Austin, TX","City",4805000,958202,"Texas","Travis County","Austin-Round Rock-Georgetown, TX",35.3,34.3,31.7,29.7,25.7,24.7,25.3,28,30.7,33.7,35,36.7,37.7,39,37.7,35,31.3,29.3,28.7,30.3,33.3,35.7,38.3,39,40.7,41,36.7,29,21.7,18.7,17.7,18.3,19,20,19,21.3,21.7,21.7,18,19.7,21.5,23.5,22.5,21.7,23.3,25.3,26.3,30,33,36.3,34.7,31,28.7,28.3,31,33,34.3,34.3,34.7,36,38.3,38,36.3,33,32.3,32.3,34.3,36.7,40,41.7,43.3,44.7,46.7,47.3,44.3,39.3
"Gwinnett County, Georgia","County",13135,957977,"Georgia","Gwinnett County","Atlanta-Sandy Springs-Alpharetta, GA",25,25.7,24.3,23.3,22.7,23.7,23.7,24,25.3,25,29,28.8,30.5,29.2,28.3,30.7,29.7,29.7,26.3,25.7,25,25,24.7,26.7,27.7,27,24.3,20.3,18.3,16.3,15.7,15,15,15.3,16.3,17,18.3,18.8,23.5,26.8,28.3,25,24.5,23.2,22.5,22,24.7,26.2,25.5,23.2,21.3,21.3,22.3,23.3,22.7,23.7,23,23.7,25,30.3,32,31,28.3,28,27.3,27,27,27.7,28.7,28,29,28.3,30.3,30.3,28.3,25.3
"Prince George's County, Maryland","County",24033,957189,"Maryland","Prince George's County","Washington-Arlington-Alexandria, DC-VA-MD-WV",25.8,24.8,23.3,23.3,23,21,22.3,21.7,22,20.3,21.3,23.3,25.3,26.3,24.2,24.5,22.5,21.7,19.3,18.3,19,18.7,19.3,22,23,23.3,20,19.3,19,18,17.3,16.7,15.8,13.5,12.2,12.7,13.3,13,14.5,17.7,20.3,19.3,17.5,16.8,16,16,14.3,18,19,21.2,20.2,18.8,18,17.7,17.7,17.5,17.3,18.7,18.8,19.7,20.7,20.7,21.3,19.5,20.5,17.8,17.8,17.2,18.2,18.7,18.7,19.7,21.2,21.2,18.8,16.3
"Jacksonville, FL","City",1235000,950203,"Florida","Duval County","Jacksonville, FL",28.7,29.8,27.2,27.5,26.3,27.3,26.5,26.8,27.5,28,30.7,33.8,35.5,35.8,33.3,34.8,32.8,31.2,27.7,25,25,24.7,25,25.3,26,26.3,23.3,18.7,15.3,14.7,15.7,17.3,16.7,18.8,20.7,28.3,30.2,29.5,24.5,22.5,21.3,20.3,19.7,20,20.2,20.7,22.7,24.3,26.8,26.5,24.8,21.3,19.7,20.2,21.7,21.7,22.3,22,25.3,27.3,28,27,25,25,23,23.7,25,26.3,28.7,30,31.3,32.7,31,31.3,28.7,27.3
"DuPage County, Illinois","County",17043,930559,"Illinois","DuPage County","Chicago-Naperville-Elgin, IL-IN-WI",43.7,45.3,39.3,34.3,25,25.7,25.3,27.3,30.7,37,40,44.3,42.7,41.8,36.5,35.5,33.7,34.3,32.3,30.7,29.7,34,38.7,43.3,42.7,40.7,36,29.7,23.8,18.5,16.8,17.3,19.8,22.5,23.2,24,24.3,24.7,25.3,24.3,23,20.2,18.2,19.3,20.2,25.2,27.7,34.3,36.3,35.3,29.7,25.3,24.3,24,23.2,24.2,24.8,26.3,30.5,33.2,36.8,34.3,32.7,28,26.3,26.3,28,28.3,28,30,32.3,37,40.3,40,36.7,31
"Fort Worth, TX","City",4827000,924663,"Texas","Tarrant County","Dallas-Fort Worth-Arlington, TX",36.3,34.3,32.7,28.7,28.7,30.7,35,40,43,45.7,49.5,51.5,51.3,48.2,43.8,40.2,36.8,36.8,36.7,36.7,36.7,36.8,39.2,40.2,41.3,40.5,35.5,29.5,23.3,21.3,20.7,19.7,20.7,26.5,31.3,35,31.5,31,29.7,27.3,25.3,23.3,23.7,22.7,23.3,25.3,29,32,35,34.7,31.7,28.7,27,28.3,31,32.3,32.7,31,32.3,33.7,37,35.2,34.2,31.5,31.3,31,32,31,32.7,34.7,38.7,39,41.3,41.7,41.7,36.8
"Pierce County, Washington","County",53053,918993,"Washington","Pierce County","Seattle-Tacoma-Bellevue, WA",24.8,22.7,21.5,19.2,19.8,18.7,18.5,18.8,20.2,21.7,25,28.8,31.2,30.5,27.7,25.8,23.8,21.8,18.7,16,15,14,14.3,16.3,18,18,15.7,14.3,13.3,12.3,11.3,12,13,15.3,18.3,21.3,23.2,21.5,19.2,15.3,14,14.3,14.3,16.3,17.7,18.3,21,23.3,27,26.7,25.8,22.8,21.5,21.3,23,23.3,22.3,23.3,26,28.7,30,28,26.3,24,22.2,20.8,19.8,22,24.3,25.7,29.3,29.7,33.3,34,34,33.7
"Denton County, Texas","County",48121,914870,"Texas","Denton County","Dallas-Fort Worth-Arlington, TX",29.3,30.5,29.2,28.2,26.7,27,26.3,25,25.3,27.5,29.5,30.5,30.7,30.7,30,30.3,28.7,27.3,26,27,30,31,32.7,32.7,34.3,33,31,26.7,23.7,20.5,19.8,19.2,18.2,15.8,15.8,15.3,17,16.5,16,14.3,15.2,17.3,20.7,21.2,21.8,22.2,24,27.3,27.7,27.8,26.2,25.8,25.3,26,27.3,28.3,28.3,28.7,31.7,36.7,39.2,38.5,35.8,34,33,33,33,33,34.7,36.7,41,42.7,43.7,41.7,39.5,37.2
"Columbus, OH","City",3918000,902449,"Ohio","Franklin County","Columbus, OH",38.2,39,30,19.2,12.3,12.3,13.3,14.2,19.7,24,30.8,33.2,32.2,31.7,27.5,26.8,22.3,21,20.3,22.7,23,25.3,26.8,29.5,31.3,31.8,31,26.8,20.5,16,14,15.3,13.3,17,19.7,21.7,19,17.3,17.8,15.3,13,14.2,16.5,19.2,19.2,20.3,22.7,26,28,27.3,26,23.8,21.8,20.8,21,21.7,22.7,26.8,31.2,33.5,33.3,29.3,26.7,22.7,22.3,23,24.3,26.3,27.7,30,31,33.2,34.7,36.7,32.8,29.7
"Indianapolis, IN","City",1836003,882006,"Indiana","Marion County","Indianapolis-Carmel-Anderson, IN",30.5,31.5,29.2,25.7,24.3,24.3,27.3,29.7,31.7,32.3,34.3,39,38.3,37.3,32,31.5,28.2,27.3,26.2,27.8,29.7,30,29,27,26.7,25.3,24.3,21.7,18.7,17,16.3,17.3,16.7,16,16,15.7,17,17.3,18.3,16.7,15,13.3,14.7,15,17.3,17.8,20.2,22,25.8,28,26.8,23.5,21,20.2,20.5,22.2,24,25,28.7,30.3,33,29,28,23.3,22.3,20,21,21.3,21.3,24,25,28.3,29.7,30,26.3,21.7
"Charlotte, NC","City",3712000,875045,"North Carolina","Mecklenburg County","Charlotte-Concord-Gastonia, NC-SC",36.7,36.7,34.7,31,30.3,28.7,30,30.3,33.7,34,35.7,37.3,39.7,38.7,34.7,30.7,29,28,26.3,26.7,29.3,33,33.3,32.3,33,32,30.3,25.3,21.7,19,18.3,19,17.7,16.7,15,15.3,17.3,16.7,17,15,18.7,17.7,18,16.3,18.3,19.7,21.7,24,24.3,25.3,24.7,27.7,26.7,27,25.3,25.7,26,25.7,27.3,31.7,33.7,33,30.3,29.7,28.7,27,25.7,27,29.7,33,35.7,37,38.3,37,35.3,32
"Montgomery County, Pennsylvania","County",42091,856399,"Pennsylvania","Montgomery County","Philadelphia-Camden-Wilmington, PA-NJ-DE-MD",47,50.3,45.2,33.5,30.2,32,33.7,32.7,27.8,33,35,42.8,40.3,40.3,34.7,31,28.8,29.2,27.5,27.7,28.2,31.5,33.5,35.7,41.7,41,41,30,24.3,18.7,19.3,20.3,22.3,21.7,21.7,21,23.2,27.5,28.7,26.2,22.5,21,25,26.7,32.3,36,39.7,42.7,40.7,39.7,35,32.3,29.7,27.7,29.2,33.2,38.2,42,44.2,50.2,51.7,47.2,41.8,38.3,38.2,33.5,32.3,32.2,32.8,33.7,36.5,38.2,37.5,36.3,34,32.3
"San Francisco County, California","County",6075,851036,"California","San Francisco County","San Francisco-Oakland-Berkeley, CA",28.7,27.5,24.2,23.2,21.7,20.5,18.2,20.2,23,28.7,31,34.3,35.5,35.5,32.2,31,28.3,26.3,23,24.3,29.2,33.2,39.2,41.5,47.5,45.2,48.7,42.5,38.2,30.2,26.3,29.7,34.3,40,40.8,39.2,36.2,35,36.3,37.3,36.3,33,29.3,27.3,26.3,30.7,32.3,34.3,34.7,35.7,38,37.7,36.7,32.3,30.7,29.7,31.7,32.7,39,45.7,46.3,41.3,34.5,34.3,34.7,33.8,30.7,30.3,30.7,33.7,34.3,37.3,38.7,37,34.3,31
"San Francisco, CA","City",667000,851036,"California","San Francisco County","San Francisco-Oakland-Berkeley, CA",28.7,27.5,24.2,23.2,21.7,20.5,18.2,20.2,23,28.7,31,34.3,35.5,35.5,32.2,31,28.3,26.3,23,24.3,29.2,33.2,39.2,41.5,47.5,45.2,48.7,42.5,38.2,30.2,26.3,29.7,34.3,40,40.8,39.2,36.2,35,36.3,37.3,36.3,33,29.3,27.3,26.3,30.7,32.3,34.3,34.7,35.7,38,37.7,36.7,32.3,30.7,29.7,31.7,32.7,39,45.7,46.3,41.3,34.5,34.3,34.7,33.8,30.7,30.3,30.7,33.7,34.3,37.3,38.7,37,34.3,31
"Baltimore County, Maryland","County",24005,850737,"Maryland","Baltimore County","Baltimore-Columbia-Towson, MD",29.2,29.5,27,25,22,21,21.7,24,25,25,25.3,25.7,27,26.3,25,24,24.7,23.7,22.7,21,22,24,25.7,28,28.7,27.7,25.7,21.3,19,16.8,17.2,17.5,17,16.3,18,19.7,22.7,23,23.7,21.7,18.3,16.7,17.8,19.2,21.2,20.7,22.7,24.2,26.2,26.3,23.7,21,19.8,20.7,22.7,24.7,25.7,25.7,25.7,27,28.7,28.3,26,22.7,21,19.7,20,21.3,23.2,24.5,24.5,24.7,26.3,25.7,24.3,21.7
"Fort Bend County, Texas","County",48157,832607,"Texas","Fort Bend County","Houston-The Woodlands-Sugar Land, TX",29.5,32.3,34.7,33.7,31.3,30.8,31.5,30.2,29.7,31,31.3,33.8,33.5,35.8,35.5,34.5,36.5,33,30.3,26.8,29.2,31.8,34.5,37.8,40.8,39.7,35.3,30,25,22,19,19.3,19.3,21,20.7,22.3,26.7,29,28.7,25.3,27.7,27.2,28.5,25.8,26.3,23.8,24.2,26.2,29.3,29.7,30.5,28.8,27.2,24.7,23.5,23.5,24.8,27,28.7,30.7,33.7,34.3,34,30.7,30.3,31.3,33.8,32.8,30.8,29.2,29.7,32.3,32.8,33.7,32,31
"Columbia, SC Metro Area","Metro",17900,831913,,,,32.5,36.7,34,30.8,24.2,20.2,20.5,22.8,27.2,28,28.3,30,33.7,34.3,33,30.3,29.7,24.7,22,19.3,22.3,24.7,26.5,25.8,25.3,23.8,23.2,19.7,18.3,16.3,16.3,16.7,15.5,17.3,18.2,20.8,19.7,18,15.8,15.5,15,16.3,13.3,13.7,16,22,23.8,28.2,28.5,33.2,31.2,30.5,25.8,22.8,23.8,25,23.7,22.3,23.8,26.8,28.8,27.7,27.7,24.3,23,20,19,21.3,24,25.7,25.3,27,27.3,24.7,20.7,19.3
"Snohomish County, Washington","County",53061,828337,"Washington","Snohomish County","Seattle-Tacoma-Bellevue, WA",29.8,29.8,28.3,25.3,21.8,23.2,22.5,24.3,24.7,27.7,29.7,34.7,36,35,30,27.7,27.3,25.7,24.2,21.3,22.8,26,29.5,31.2,29.5,29.8,28.7,28,23,20,17,18,21,24.7,25,25.7,27.2,27.7,27,23.8,23.3,21.7,23.7,26,27.7,26.3,27,29.3,32.3,31.7,31.3,29.5,28.8,26.2,25.7,26.3,26.3,27.3,29,31.8,33.2,33.2,31.7,30.3,28.7,26.3,23.3,22.3,23.7,28,29.7,33.3,34,33,30.7,29.3
"Multnomah County, Oregon","County",41051,808098,"Oregon","Multnomah County","Portland-Vancouver-Hillsboro, OR-WA",36.8,34.3,33,30,26.8,23.3,21.7,22.8,24.8,27.2,28,31.3,36,36.7,34,31,31,31,28.7,28.7,29.7,34.2,36.8,40.7,42.2,40.5,36.3,31.3,28.7,26,24,22.7,21.3,21.8,20.5,23,24.5,28.8,27.7,25,23,23.7,24.7,21.3,19,18,21.7,28,32.7,33,30.7,29.3,28.8,27.5,25.8,26.3,27.7,30.7,34,39.7,41.3,43.7,40,37.2,32.5,29.5,28,27,28.7,31.3,36.3,40.7,44.7,43.7,41.7,38
"Charleston-North Charleston, SC Metro Area","Metro",16700,803398,,,,49,51.2,46.7,40.7,36.5,34.5,32.2,32.8,33,36.7,39,40.7,42.7,42.7,39.3,36.3,34.7,36,35.3,33.7,32,32,33.3,33.7,36.7,35.3,32,24,19.7,16.7,14.7,15.3,15.3,19.3,22.3,25.7,25.7,25.5,23.2,22.8,19,19,17.7,19,21,21.5,24,24.8,26.7,25.2,24,22,21,19.3,19.3,20.7,22.3,24,28,32,34.7,32.3,30.8,28.2,25.8,24,23,26.7,27.8,31.2,31.8,35,36,34.3,31,28.3
"Suffolk County, Massachusetts","County",25025,785443,"Massachusetts","Suffolk County","Boston-Cambridge-Newton, MA-NH",38.2,39.7,35.3,27.3,23.7,25.7,26.7,29.3,33,37.7,38.3,40.3,43.8,46.5,38.8,32,26,28,30.3,36.7,41.5,46.5,47.5,52.5,55.2,57.5,56.3,48.7,39,29,25.3,28.7,32,38.3,39.7,40.7,41.7,38.8,35.8,26.8,21.3,17.7,20.3,25.7,31.8,33.5,31.2,32,32.7,38.7,33.7,28.3,20,18.7,21.7,24.7,30.3,35,40,43.7,48,50,42.7,31,22.3,20.3,24,28.7,35.2,36.8,38.8,41.7,48.5,49.8,41.8,32.3
"Jefferson County, Kentucky","County",21111,779232,"Kentucky","Jefferson County","Louisville/Jefferson County, KY-IN",39.2,37.5,34.2,31.2,34.2,32.8,30.7,30.8,33.8,37.5,41.2,45.5,47.8,45,43,39.5,38.8,33.2,30.3,25,26.3,27,29,30.3,32.7,37,37.3,34.3,30.2,24.5,21.2,20,17,17,18,25,27.3,32.2,28.8,28.7,20.5,20.5,21.7,22.5,21.5,19.8,22.3,27.3,28.7,29.5,25.5,24.5,22,22,22.3,23.3,26.3,27.5,30.2,30.5,31.7,30,27.3,24,21.7,20.3,21.2,21.2,21.8,23.7,27.7,31,33.7,33.7,31.7,28.2
"DeKalb County, Georgia","County",13089,761209,"Georgia","DeKalb County","Atlanta-Sandy Springs-Alpharetta, GA",32,34.3,33.7,30.7,26.3,26.3,27.3,29,28,29,29.7,31.8,33.2,31.7,29.5,27.8,29.2,29.2,28.8,27.7,27,26.7,27.7,29.3,31.2,29.5,26.5,22.7,19.7,18.7,16.3,17.7,15.7,16.8,13.8,14.5,16,17.7,17,15.7,16,18,17.3,16.3,17,19.7,21,24,24.3,25,22.3,21.7,22.3,23.7,24.7,27,28,30,32,34.3,34,32,29,27.3,26,26.3,28,28.7,30,31.7,35.3,36.7,39,37.7,34.7,30.7
"Colorado Springs, CO Metro Area","Metro",17820,755081,,,,34,32.7,28.3,26.5,26,25.3,26,28.5,28.5,29.2,27.7,30,31.7,32.3,30.2,27.7,27.3,25.5,23,19.2,18.5,19.8,22.3,24,25.3,23.7,21.3,16.2,12.5,10.2,10.3,12,11.7,11.7,11.3,17.7,19,22.5,19.8,20.2,19.3,17.3,17.2,14.8,17.2,19.3,23.3,27,28.3,29.3,27.7,26.7,26,25.3,25.7,26.3,28.3,28.3,29,29.7,32.7,32,29.7,27.7,25.7,26,23.3,23.7,25.3,28.3,32,34,36.3,35,32,28.3
"San Mateo County, California","County",6081,754250,"California","San Mateo County","San Francisco-Oakland-Berkeley, CA",31,28.8,24.5,21.2,19.7,19.3,19.3,19.3,23.7,27.3,32.5,32.2,32.2,31,28,30,29,29.3,24.7,23,24.8,28.2,30.8,32.7,33,33,32.7,31,29.8,27.5,26.5,26.7,30,32,31.3,29,25.3,23,23,23.8,22.8,19.8,19,21.7,24.5,27.5,29.8,31.3,32.7,31.3,30,27,27.3,26.7,27.3,26.3,29,31,32.3,33.5,32.8,31.8,27.7,23.7,24.7,24.7,28.7,28.7,31,32,33.3,35,36.3,36.3,32,27
"Seattle, WA","City",5363000,734603,"Washington","King County","Seattle-Tacoma-Bellevue, WA",35.7,34,34.3,31.3,26.3,20.7,18.3,18.3,20.3,23.5,26.5,29.5,29.7,27.3,23,21,22,23.3,24.3,25.3,29.3,33.7,38.3,41.7,43,40.7,37,33,28.7,23,18,15.7,17.7,21.7,28.7,33.3,35.7,34,32.7,31.7,31,27.7,24,21.3,23.3,27.3,33.7,39.3,40.7,38.7,34,32.7,30,27.3,24.7,24.3,26.3,29.3,34.3,39,40.7,37.5,33.8,32.5,31.7,29,26.7,26.7,28.7,31.3,34.7,38,38.3,36.3,33,32
"El Paso County, Colorado","County",8041,730323,"Colorado","El Paso County","Colorado Springs, CO",34,32.7,28.3,26.5,26,25.3,26,28.5,28.5,29.2,27.7,30,31.7,32.3,30.2,27.7,27.3,25.5,23,19.2,18.5,19.8,22.3,24,25.3,23.7,21.3,16.2,12.5,10.2,10.3,12,11.7,11.7,11.3,17.7,19,22.5,19.8,20.2,19.3,17.3,17.2,14.8,17.2,19.3,23.3,27,28.3,29.3,27.7,26.7,26,25.3,25.7,26.3,28.3,28.3,29,29.7,32.7,32,29.7,27.7,25.7,26,23.3,23.7,25.3,28.3,32,34,36.3,35,32,28.3
"Norfolk County, Massachusetts","County",25021,722112,"Massachusetts","Norfolk County","Boston-Cambridge-Newton, MA-NH",36.7,36.3,34.8,32.7,28.2,23.3,23,26,28,27.7,25,26,31.3,36,35.7,34.3,32.3,31.7,27.7,25.8,26.7,29.3,33.8,37,37.7,35,32,30.3,28.3,25.7,22.7,22.7,24.5,27.8,28.8,33.3,34,34.7,29.2,22.7,18.7,16.5,20.3,22.2,25.3,25.3,27.2,28.3,29.7,30.8,29.5,26.8,24.3,22.7,23.7,26,28.7,30,27.7,29,29.7,30.3,28.7,26,25.7,24.3,26.3,27.3,29.7,31.7,35,35,35.3,32.3,30.7,26.3
"Jackson County, Missouri","County",29095,715526,"Missouri","Jackson County","Kansas City, MO-KS",43.5,46.3,49.7,45.7,41.7,33.3,32.3,29.3,35.7,41.5,43.3,46.5,44.3,48.8,41.5,39.2,32.5,33.3,31.8,32.8,31.2,37.7,39,44.3,45.3,47.8,48.7,46.3,42.2,38,34.3,32,30,31,35.2,37.2,40.5,42.5,39.8,34.2,29.7,31,32,30.8,31.5,30.8,32.3,34.8,37.3,40.5,35.3,32.2,27.7,28.8,30.2,31.5,34.7,37,39.8,40.5,41.2,40.7,39.3,36.7,33,31.7,32.7,37,39.3,40.7,41.2,42.5,45.2,48,44.3,39
"Hudson County, New Jersey","County",34017,712029,"New Jersey","Hudson County","New York-Newark-Jersey City, NY-NJ-PA",38.3,38.2,36.8,33.8,28.7,27.7,29,33.3,40,40.3,37.8,34.8,36.2,38.7,34,31.3,29.5,29.8,30.2,29.7,34,36.7,41.3,41.2,44.8,43.5,44,39,35.3,30.3,26.8,27.2,28.5,30.8,30.5,32.2,30.7,27.7,25.3,24.3,22.3,19.3,20.5,23.8,28.8,29.7,32.7,34.3,35.3,34.8,32.2,29,25.3,22.3,23.2,25.3,29.3,33.3,36.3,36.3,34.7,33,32.3,32.7,31,30.3,29.3,30.2,33.2,37.2,45.3,47.3,46.5,39.2,34.7,30.8
"Denver County, Colorado","County",8031,710800,"Colorado","Denver County","Denver-Aurora-Lakewood, CO",37,41.7,39.7,37.3,30.7,27.2,26.5,27.2,30.3,32.7,35,38.3,39.7,39,34,30,28,28,29.3,30.3,33.3,35,38,40.7,43,42.7,37.3,30,23.3,19.7,17.7,17.3,16,19,21,24.2,23.5,21.5,19.7,19.3,18.2,17.8,15.8,17.5,18.8,21.5,24.7,27,28.3,27,25.3,23,22.7,24,26,27.3,29.3,31.3,34.7,36.7,38,36.7,33.7,30.7,29,28.7,30.3,32,34.3,36.7,40.7,44.7,47,44.3,40,35.3
"Denver, CO","City",820000,710800,"Colorado","Denver County","Denver-Aurora-Lakewood, CO",35.3,39.5,37.8,36.3,30.2,26.5,26,26.7,30,32,35,37.7,39,38.2,33.5,29.5,27,27,28.3,29.7,32.7,34.3,36.3,38.7,41,41,36,29,22.8,19.5,17.5,17.3,15.7,17,18.7,22.2,23.5,21.8,20.3,19.3,18.3,18,16.3,18,19.2,21.8,25,27.2,28.5,27.3,26,23.7,22.7,23.7,25.7,27.3,29.3,31,34,35.7,37,36,33.7,31,29,28.3,29.3,30.7,33,35.7,40.3,44,46.3,43.3,39.3,35.3
"Davidson County, Tennessee","County",47037,709786,"Tennessee","Davidson County","Nashville-Davidson--Murfreesboro--Franklin, TN",38.7,38,36.3,34,31,26.8,24.2,21.8,26.8,28.8,33.5,31.7,31,28.3,27.7,27,25.7,26.7,27.7,30,32.7,35.3,38.3,40.3,41.3,41,37,34.3,28.3,24.3,20.3,20,18,17.7,18.3,22,23.7,20.7,17.8,15.5,17.8,18.3,19.3,20,21.8,23,25,29.5,31,28.7,23.3,21.7,22.3,23.7,25.3,27.7,28.7,31.2,33.8,35.8,36.7,34.3,32.3,28.3,26,25.3,26.7,28.3,30.7,32.3,35.3,37.7,39.7,37.3,34.3,32.3
"Nashville, TN","City",4752006,684103,"Tennessee","Davidson County","Nashville-Davidson--Murfreesboro--Franklin, TN",38.8,37.8,36.3,34,30.8,26.5,23.8,21.7,27,28.8,33.2,30.8,30.5,28.2,27.8,27,25.7,26.7,27.7,30,32.7,35.3,38.7,40.7,41.3,40.3,36.3,33.5,27.8,23.2,19.3,19,18,17.7,18,21.7,24.3,22,19,16.3,18.7,19.2,20,20.3,22.2,23,25,29.3,31,28.7,23.7,22.3,23,24.3,25.7,28.3,29,31.8,34.5,37.2,37.7,35.2,32.5,28.5,26,25.7,27.3,29,31.3,33,35.7,37.7,39.5,37.5,34.5,32
"District of Columbia","State",11,670587,"District of Columbia",,,37.7,38.3,37.7,30.3,26,22,23.7,25.7,28.3,30.3,30.7,33.2,36.7,40.8,38,33.5,29,27.7,27.7,28.7,32.3,38,44.3,54.5,59.8,59.2,53.7,45,39.7,32.3,29.3,27.8,27.5,28.2,33.7,38.7,42.3,39,34.3,29.7,26.3,24.3,23,23.3,25,28,30.3,34.3,37.7,40.7,39,34.7,30,27,26,26,27.7,31,36.3,42.3,44.7,44,38.7,33.3,28,25,25,26,29.3,32.3,35.3,38.2,39.5,40.5,36.7,33.3
"District of Columbia, District of Columbia","County",11001,670587,"District of Columbia","District of Columbia","Washington-Arlington-Alexandria, DC-VA-MD-WV",37.7,38,37.3,30,26,22.3,24,26,28.2,30.2,30.5,33,36.3,40.7,38,33.7,29,27.7,27.7,28.7,32.3,38,44,54.3,59.7,59.3,53.7,45,39.7,32.3,29.3,27.7,27.3,28,33.7,38.7,42.3,39,34.3,29.7,26.3,24.3,23,23.3,25,28,30.5,34.5,37.8,40.8,39.2,34.8,30,27,26.2,26.2,27.8,31,36.3,42.3,44.7,44,38.7,33.3,28,25,25,26,29.3,32.3,35.3,38.2,39.5,40.5,36.7,33
"Washington, DC","City",1150000,670587,"District of Columbia","District of Columbia","Washington-Arlington-Alexandria, DC-VA-MD-WV",37.7,38.3,37.7,30.3,26,22,23.7,25.7,28.3,30.3,30.7,33.2,36.7,40.8,38,33.5,29,27.7,27.7,28.7,32.3,38,44.3,54.5,59.8,59.2,53.7,45,39.7,32.3,29.3,27.8,27.5,28.2,33.7,38.7,42.3,39,34.3,29.7,26.3,24.3,23,23.3,25,28,30.3,34.3,37.7,40.7,39,34.7,30,27,26,26,27.7,31,36.3,42.3,44.7,44,38.7,33.3,28,25,25,26,29.3,32.3,35.3,38.2,39.5,40.5,36.7,33.3
"Tulsa County, Oklahoma","County",40143,668923,"Oklahoma","Tulsa County","Tulsa, OK",34.3,34.3,32.2,36.5,37.7,40.2,33.5,29.7,29.3,29.5,29.8,31.8,31,31,25.7,26,26,27.3,26,27.7,25.7,27.3,29.7,32.7,35,33.2,31.2,27.5,22.3,18,14.3,14,16.3,18,21.7,22.8,27.8,28.5,29.7,22.8,19.5,16.8,19.3,21.7,23,21.7,21.2,20.2,24.2,26.3,27.3,27,27.7,24.3,21,16,18,19,21.7,22.3,24,22.3,22,20.3,21.3,20.7,18.3,19.3,23.3,25,27.7,27,30,26.7,23.7,23
"Boston, MA","City",2507000,665945,"Massachusetts","Suffolk County","Boston-Cambridge-Newton, MA-NH",39.8,41.3,36,27,23,25.3,26.8,30.7,34,38.8,38.7,41.3,45,47.7,38.3,30,23.3,26.3,29.7,36.7,42.3,47.7,49.7,55,58.3,60,58.5,49.2,39.2,28,25.3,28.8,33.5,39.5,40.8,40.8,42.5,39.7,36.7,27,21.7,18,21.3,26.3,33.5,34.8,33.2,34.3,36.2,44.3,38,31,19.8,18.8,22,25.5,30.8,35.8,41.7,46,50,53.3,45.7,33.7,22.3,20.3,24.7,30.8,37.8,40.2,40.7,43.5,50.3,50.7,42.2,31.7
"Arapahoe County, Colorado","County",8005,654453,"Colorado","Arapahoe County","Denver-Aurora-Lakewood, CO",30.3,30,27.7,27,27,25.7,25.8,25.2,25.8,25,26,27,29.7,30.3,28.7,26.7,24,23,20.3,21,22,24.3,25.7,27.3,26.7,26.3,24.7,22.3,18.7,15.7,15.3,16.7,17,15.7,15,14.8,18.5,21.5,21.7,20.7,18.3,21.3,21.3,23,23.3,23.7,26.3,27.7,31,28.3,26.7,23.7,22.7,22,22,23.7,25,25.7,26.3,27.8,29.7,29.3,28.2,26,24.7,24.3,25,26.7,29,31.7,34.3,37.3,39.7,38.7,34,29.7
"Portland, OR","City",4159000,646101,"Oregon","Multnomah County","Portland-Vancouver-Hillsboro, OR-WA",36.5,34.5,34,31,28.3,23.8,21.3,22,24.3,27.7,29.7,33.7,37.3,37.7,34,31,31.3,32,30.3,29.8,31.7,36,39.2,42.7,45.3,44,40,34,30.3,26.3,23,21.3,20.3,21,20.3,23.7,26.7,30.8,31.2,27,25.7,24,25.5,21.3,19.3,18.3,22,28.5,33.5,34.2,31.3,30,29.3,28.3,26.8,27.5,28.5,31,34.2,40.2,42.2,45.8,42.2,39.2,33.3,30.7,29.7,28,29.7,31.8,37.2,40.8,44.7,44.3,42.7,40
"Montgomery County, Texas","County",48339,629989,"Texas","Montgomery County","Houston-The Woodlands-Sugar Land, TX",40.7,41.5,43.3,42.5,37.5,31.7,28.7,28.7,34,38.7,41.2,41.5,43.5,45.7,43.7,40.3,37.7,36.7,36.5,35.8,35.5,37.3,38.7,40.2,41.5,43,39.8,33.8,25.7,21.3,20,21,22.2,22.3,22.3,21.8,19.5,20.2,19.3,20.7,23,25.3,25.8,21.8,21,22.3,25,27.8,31.5,33.2,33.5,31.2,31.8,31,30.3,29.3,30.3,33,34,36,38.3,38.3,36.3,32.2,30.5,31.2,32.7,34.3,34.8,37.5,37.5,40.3,39.3,41,38.3,35.3
"Anne Arundel County, Maryland","County",24003,588109,"Maryland","Anne Arundel County","Baltimore-Columbia-Towson, MD",36.3,36.3,35,30.7,29.3,27,25.5,23.8,25.3,26.3,28.7,33.5,33.7,32.7,28,26.8,26.2,25.8,25.3,24.3,24,24.7,27,26.3,27.5,27.5,29.5,27.3,23.7,21.7,20,20,20.3,22.3,23,24.5,24.8,28.2,26.3,25,21.3,19.7,19.3,22,26.3,29.7,31.7,35,35.3,34.3,29.7,26,22.7,22,22.7,24,23.7,24.5,28.3,29.5,33.8,32.5,31,24.5,20.7,20.7,21.7,23.7,27.3,30.8,33.8,34.7,36.3,33.7,30.2,24.7
"Baltimore, MD","City",2404000,584548,"Maryland","Baltimore city","Baltimore-Columbia-Towson, MD",42.5,47.5,44.3,35.7,25,20.3,19.7,23.7,26,27,27,29.3,31,29.7,26.3,25,25.7,24.3,24.2,24.8,27.8,30.7,31.7,33.7,34.3,31.7,29,22.3,19.7,14.7,14.3,14.2,14.5,14.2,14.7,16.3,18.7,20.3,21,19,16,14,15.7,17.8,21.5,21.5,22,22.7,24.7,25.7,22.7,19.7,18.3,18.8,20.7,23.7,26.7,28.8,29.5,29,31.3,30.7,29,24,21.3,19.7,19.3,21,24.3,26.5,27,26.7,29.8,29.7,27.3,22.3
"Jefferson County, Colorado","County",8059,580519,"Colorado","Jefferson County","Denver-Aurora-Lakewood, CO",33,34.3,35.3,32.3,30.3,26.3,28.3,31.3,34.3,35.3,36,39,38,37.3,33,34.3,30,29.7,27.7,28.3,27.3,30.7,33.7,38.7,37.7,36.3,30.7,24,19.7,17.5,17.8,18.8,21.3,26.7,33.3,34.7,34.7,29.7,26.7,20.3,19,19.3,23,26.2,28.8,29.5,28.7,30.3,33.3,32.7,29.8,24.8,22.8,23,25.3,28,29.7,30,29.7,30.7,31.7,31.3,27.7,25.3,25.3,26,26.3,27.7,30,32.3,36,39.3,41.3,38.8,35.5,32.2
"Tucson, AZ","City",477000,541033,"Arizona","Pima County","Tucson, AZ",19.7,14,11.8,11.8,14.5,14.7,14.3,15,16.7,20.3,21.3,24.2,26.2,26.2,24,23.3,22.3,21.5,17.8,15.5,14.7,14.7,16.3,16.2,17.5,17.8,17,14.3,11.3,10,9,8.3,7.3,7.7,8.5,9.5,9.8,12,12.8,12.8,10.8,10.3,12.3,13,16.3,18,21.3,25,26.3,25.8,24.8,23.5,23,20.3,21,21,22.2,22.8,27.5,30.8,33.2,29.8,27.7,27.3,26.3,26.3,25,27,28.3,31,35.8,38.8,41.8,42.7,41.3,35.3
"Adams County, Colorado","County",8001,520149,"Colorado","Adams County","Denver-Aurora-Lakewood, CO",25,24.3,20,21.3,20,20,18.7,17.8,19.2,21.2,22.7,23.7,25,25.7,24.5,23.2,21.5,20,19,20.2,21.8,23.2,24.7,27.3,27.7,27,23.7,21.7,18.7,16.7,15.7,16,15.3,12.5,10,10.3,13.5,16.5,15.5,15.3,15.8,19.5,22,21.3,20.3,19.3,21.7,25.7,28.7,27.5,24.2,21.5,20.3,20.7,20,21.7,22.8,23.5,24.7,28.5,30.8,30.7,25.7,24,23,24.7,26.7,27.7,29.8,29.5,32.8,35.3,39.5,37.2,34.5,30.3
"Kansas City, MO","City",2938000,505958,"Missouri","Jackson County","Kansas City, MO-KS",39.8,41.8,42,38.3,36,31,30.3,28,32.3,35.7,37.3,39,39.7,41.8,35.5,31.5,27,26,24,23.3,23.3,26.7,28,31.3,34.5,35.8,35.2,31.2,27.8,26.5,26.3,26,25.8,27.8,32.5,38.2,40.8,39.5,33,27,25,27.3,29.7,29,29,28,30.5,32.8,35.8,40.5,38.5,35.5,30.3,29.7,31.3,33.7,37.3,40.8,43.2,45.8,45.8,43.8,40.5,36,32.3,32.3,34.3,39.2,39.8,42.5,42.7,43.7,44.7,47,43,37.7
"Atlanta, GA","City",1304000,494838,"Georgia","Fulton County","Atlanta-Sandy Springs-Alpharetta, GA",34,33,30.7,28.7,27.3,26.7,26.7,27,28.7,29.3,30,32,34,34,31.3,30,28.7,27.7,26,26.3,27.3,29.7,32,34.3,35.3,33,29.7,24.7,21.7,19.3,18.3,18.7,17.3,18.3,18.3,21,21,21.7,20.7,21,21,20,19,18.7,20.3,22.7,25.3,28.3,29.3,28,26,24,23.7,23.7,24.3,24.7,26.3,28.3,31.3,33.7,35,35,33.3,31,29.3,27.7,28,28.7,30.3,32.7,34.3,37,38.7,37.3,34.7,31
"Prince William County, Virginia","County",51153,481114,"Virginia","Prince William County","Washington-Arlington-Alexandria, DC-VA-MD-WV",29.7,29,27.3,24,22.5,20.8,21.2,25,29.3,33,32.8,31.5,32.8,30.7,29,26,27.7,28.3,29.8,27.8,29.2,28,28.7,30.7,33,33,30.7,27,25,23,22.2,25.5,22.8,25.5,23.3,24.3,25.5,25.3,24,20,17.3,18.3,16.7,17.7,20.3,23.2,26.2,29.2,32.7,34.3,31.7,29,27,27,28,31.7,31.3,34,34,40.7,40.7,40.3,36.2,34.2,32.2,31.3,32.7,32.7,33.3,34,39.7,48.7,52,52.3,43.3,40.2
"Colorado Springs, CO","City",816000,479612,"Colorado","El Paso County","Colorado Springs, CO",32.7,31.3,28.3,26.5,26,25.3,26,28.3,28.5,29.2,27.8,30,31.3,32,30.3,28.3,28,25.7,23,19,19,20.7,23.7,24.7,25.7,23.7,21.3,16.3,12.7,10.3,10.3,12,12.7,13,13,18.2,18.8,23.8,21.3,22.3,20,18,17.7,15,17.3,19.3,23.2,27.2,28.5,30.2,28.2,27.5,26.3,26.3,26.7,28,29.7,29.7,30.3,31,34.7,34.3,32,29.2,26.2,26.2,23,23.3,25,28.3,32.2,34.2,36.5,34.7,31.3,27.7
"Miami, FL","City",1245000,443665,"Florida","Miami-Dade County","Miami-Fort Lauderdale-Pompano Beach, FL",36.8,36.7,35.5,31.3,31.3,36.8,38.2,39,36.2,33.7,34.7,36,41.3,39.7,35,31,31,30.7,29.3,29.3,33.7,38.7,41.3,41.7,44,40.3,35,25.3,20.7,17.3,14.7,13,12.7,12.3,12.7,11.3,10.3,10.3,10,12,12.5,13.2,15.2,15.3,17.7,18.7,20.7,23.3,23,23,21.3,20,19.7,19.3,19.7,20.3,21.7,22.7,24.8,25.5,26.2,24.7,23.7,23,22.3,21.3,23,25.3,26.7,27.7,28.7,32,33,31.3,28.3,25.3
"Minneapolis, MN","City",2743000,426877,"Minnesota","Hennepin County","Minneapolis-St. Paul-Bloomington, MN-WI",56.3,60.2,46.8,38.5,28,28,26.7,28.7,32.3,38.7,43.8,51.5,62.5,60,46.7,30.3,25,27.7,30.3,36.2,44.8,53.8,61.7,64,69.7,74,69.7,57.7,41.3,35.7,35.3,38,43.5,54.8,59.2,64.2,54.3,49.5,37.3,36.2,36.7,39.7,39,38.3,39.3,45,51.3,57.7,58.7,54.7,49.7,40,34.3,31,31.8,36.2,41.2,48.3,54.2,58.5,59.2,58,50.3,44,36.3,36,37,40.7,43.3,49,54,62.3,61.7,55.7,44,33.8
"Tulsa, OK","City",4075000,411938,"Oklahoma","Tulsa County","Tulsa, OK",36.2,36.8,32.7,37,37.3,37.8,34.2,30.3,33.7,32.2,33.3,34.5,31.8,31.8,25.5,26.7,26.2,28,27,29.2,27.7,29.3,31,34.3,37.7,36.3,33.7,28.7,23,18,14,13.7,16.3,18.3,22.2,23.5,29.2,30.8,31.8,24,20,17.7,21.8,24.3,26,23,22.5,21.2,26.8,28.7,30.3,29.2,29.8,25.8,22.3,17.3,19.3,21,24.3,24.7,24.3,21.3,20.3,18.7,19.5,19.2,17.5,19,23.3,25,27.7,27,30,27.2,24.5,24.2
"Charleston County, South Carolina","County",45019,409840,"South Carolina","Charleston County","Charleston-North Charleston, SC",57.8,60.8,55.8,50.3,41.3,36,31.8,32.3,31.3,33.7,36,40,45.2,44.8,40.5,36.7,35.2,37.5,37,35,31.7,31.8,33.2,34,35.8,35.5,32,25,19.3,16.3,14.3,16.7,16,19.7,21.7,25.8,25.5,25.5,22.3,20.7,16.7,16.5,17.5,18.5,23,23.3,25.2,24,25.3,25.5,24,21.7,20,19,19.3,20.3,22.8,24.5,30.5,35.7,40.3,38,36.3,32.3,28.3,25.3,23.3,28,29,34.5,33.8,38.8,39.7,39.7,34.3,29.2
"Tampa, FL","City",1271000,388768,"Florida","Hillsborough County","Tampa-St. Petersburg-Clearwater, FL",32.2,31.5,28.7,26,23,23.3,24.3,27.7,31,32.7,33.3,31.7,32,31.7,29,27.3,24.7,23.3,21.3,21,22.7,25.7,27.8,28.5,28.2,25.3,21.7,16.7,14,12.3,11.3,11.7,12,14,15,18,21.8,22.5,22.3,19.5,18.8,19.3,21,22,20,19.7,22,20.7,21.7,19.7,22.3,19.7,19.7,20,20.3,21,23,25.2,27.2,28.8,30.2,29.2,25.8,22.7,22,22.7,24.3,26.5,29.8,33.8,33.7,35,34,33.3,28,25.8
"Aurora, CO","City",804000,387349,"Colorado","Arapahoe County","Denver-Aurora-Lakewood, CO",27.7,26.7,28.7,28.7,27.7,24.2,21.5,20.8,19.3,19,20,21.7,23.7,22.7,21.3,21.3,22,22.7,20.3,20,20.3,22.3,23.5,25.2,23.8,24.3,23,21.2,17.2,14.2,14,14,13.7,11.7,11.2,11.5,13.5,20.3,19,22.3,18.3,24.3,24.3,24.3,24.2,23.2,25.8,26,27.5,24.8,22.8,20.3,20.3,19.7,20.2,21.8,23.5,24.3,25,27.7,28.7,27.5,24.5,22.2,21.7,22,24.3,27.3,29.7,31,31.7,35,37.7,37.7,33,29
"Howard County, Maryland","County",24027,332011,"Maryland","Howard County","Baltimore-Columbia-Towson, MD",46.7,42.7,34.2,30.7,27.2,23.3,22.8,25.7,27.7,29.8,33.2,34.5,36.7,35,33.3,31,30,30.3,28.3,28,28,28,27,28.3,30.3,32,29.3,25.7,19.3,15.7,13.7,15.3,16.2,14.8,14.8,14.7,19,21,20,17.7,15.7,19,21.7,22.7,22.5,23.2,24.5,26,24.3,25.3,23.7,23.3,19,18.3,19.3,21.3,24,25.7,28.7,31.3,32.5,31.8,28.8,26.7,25.3,25.7,26,25.5,25.8,27.8,31.3,32,31.7,31,29.7,30.7
"Orlando, FL","City",1253000,307738,"Florida","Orange County","Orlando-Kissimmee-Sanford, FL",24,23.5,26.5,25.7,27.5,26.5,30.3,30.3,30.7,29,29.3,32.3,31,30.7,27.7,29.7,29,28,25.7,26,27,30,30.3,31.3,30.3,29.3,27.3,24.7,21.7,19.3,17,18.3,18,19.7,17.8,21.7,21.3,23.5,19,18.3,17.3,19,19.5,19.8,19.5,20,20,19.7,18.7,19.7,21,22.3,21,19.5,20.5,21.5,23.3,24,24.7,26,25.7,25.7,23.3,22,21.7,23.3,25,25,25,25,27,27.7,28.3,27.7,28.7,29
"Jersey City, NJ","City",3436000,287899,"New Jersey","Hudson County","New York-Newark-Jersey City, NY-NJ-PA",33.7,34.5,34.2,35.7,29.5,26.8,27,33.8,44.2,42.8,38,32.7,33.7,39.7,37,39,38.7,36.2,32.3,27.7,32,37.7,42.7,43.8,45.2,43.5,46.2,43,39.7,31.3,26.2,29.8,32.3,34.2,30.5,31.8,29.5,25.3,23.8,23.8,22.3,18.8,19.3,24,29.3,31.5,33.5,35.3,38,39,37.3,31.3,25,20.3,22.7,26,30.3,35,35,34.3,31.7,33,32.3,32.7,31,31,30.8,33.5,36.5,40.2,49,53.3,52.2,42,34.2,27.8
"Plano, TX","City",4858016,284948,"Texas","Collin County","Dallas-Fort Worth-Arlington, TX",46.8,47.2,40.5,34,30.3,30,30.7,30.7,28.5,27.5,30.7,35.5,39.3,38.2,34.7,31.2,31.8,32.5,34.8,32.8,32.7,34.7,36,38,35.3,33,29,25,21.5,18.8,17.2,16.3,18.3,22.8,28.2,27.5,26.7,17.3,18.5,17.2,25.5,24.3,24.3,22,23.7,25.7,28,31,29.7,30,27.7,27.3,26.3,26.3,28,28.3,30.8,30.5,32,31.8,34.8,33.7,31.3,27.7,28.3,29.7,31,30,31.3,36.8,40.5,40.8,38.7,34.7,32.3,29
"Chandler, AZ","City",412000,275618,"Arizona","Maricopa County","Phoenix-Mesa-Chandler, AZ",23.7,24.7,23.3,18,15,14,20.3,23.3,25.7,27.3,26.7,27.3,27.7,28.3,26,25.2,24.2,26.2,25,25.3,24.2,25.2,25.5,26.2,25.5,22.5,20.3,17.7,17,15.7,14.7,15.3,17.3,23.3,27.7,30.3,30,33,33.3,31.3,28.3,28.7,25.7,22.3,21.7,25.7,29,29.7,30.3,30.3,27.7,23,22,23.7,27.7,27.7,29,27.7,28.7,33,35,34.2,27.2,25.8,25.7,25.3,25.3,26.3,29.5,29.5,33.5,36,41,37.8,35.8,28.5
"Irving, TX","City",4837000,254962,"Texas","Dallas County","Dallas-Fort Worth-Arlington, TX",36.7,35.2,29.5,27.5,25.7,27.7,28.7,30.8,32.8,36.5,37.7,39.7,38,37.7,34,33.3,32.8,35.2,34.8,30,27.7,27,31.7,36.7,42.7,42.7,36.3,27,21.7,20,19,18.3,16,15.7,15.8,15,14.3,14.5,16,18.2,19.2,19.8,20,20.2,24.3,25.5,26.2,24.3,25.2,25.3,26.3,26.2,27.8,27.5,27.7,27.7,30,30,30.7,29.3,31.3,31.3,31.7,29,28.5,28.2,30.5,30.3,32.7,33.3,37.3,41.8,44.8,41.5,36,32.7
"Scottsdale, AZ","City",465000,240537,"Arizona","Maricopa County","Phoenix-Mesa-Chandler, AZ",30.8,29.7,24.7,22.5,21.5,20.5,22,23.7,27,27.3,29,28.7,31.5,29.5,27.8,25,27.7,29.3,30.2,27.5,29.2,30,31.3,30,30.5,27.8,24.5,19.3,17,16,16.7,17.7,22.7,22.2,23.8,25.8,30.3,33.2,30,28.5,26.3,25.2,23.5,21.5,22.2,25.3,29.3,31,29.3,27.5,25.2,23.8,24,24.7,26.2,28.2,28.2,31.3,32.3,33.7,32.7,32.5,32.5,33.2,33,32.3,32,32,36,37,37.7,39.2,39.2,37.7,31.8,29.2
"Arlington County, Virginia","County",51013,235845,"Virginia","Arlington County","Washington-Arlington-Alexandria, DC-VA-MD-WV",31.7,34.8,34,28.3,21.8,19.3,21.3,25,29.3,33.7,33.3,34.7,36.7,37.2,31.8,25.8,23.3,24.5,26.2,28.8,34,37.3,41,45.3,49.7,50.7,46.7,39.3,32.7,28,28.3,30,33.2,35.5,39.5,41.3,43.3,41.5,38.2,32.5,27,22.7,20.7,24,28.5,34.2,38.2,43,45,43,37.7,31,26,22.7,23.3,26,31,34.3,38.3,41.3,41,37.7,33.3,28.7,24.7,21,22.3,26,31.3,36.3,38.8,40.5,38.8,36.3,30.7,26
"Arlington, VA","City",5103000,235845,"Virginia","Arlington County","Washington-Arlington-Alexandria, DC-VA-MD-WV",31.7,34.8,34,28.3,21.8,19.3,21.3,25,29.3,33.7,33.3,34.7,36.7,37.2,31.8,25.8,23.3,24.5,26.2,28.8,34,37.3,41,45.3,49.7,50.7,46.7,39.3,32.7,28,28.3,30,33.2,35.5,39.5,41.3,43.3,41.5,38.2,32.5,27,22.7,20.7,24,28.5,34.2,38.2,43,45,43,37.7,31,26,22.7,23.3,26,31,34.3,38.3,41.3,41,37.7,33.3,28.7,24.7,21,22.3,26,31.3,36.3,38.8,40.5,38.8,36.3,30.7,26
"Tempe, AZ","City",473000,181005,"Arizona","Maricopa County","Phoenix-Mesa-Chandler, AZ",21.7,23,22.3,20.7,19.3,20,21.5,22.2,23.3,24.7,26.8,27.7,30.5,30.7,30.7,26.3,23.3,22.3,20.7,20.7,20.2,24.5,27.2,29.7,29,21.7,18.7,14.7,17.3,14.3,14,14.2,17.8,21.2,25.7,27.3,30,28.3,28.2,23.5,21.2,17,15.7,16.3,21,26.7,32,31.3,31,30.7,31.3,28,23.7,21,22,24.8,28.7,31.7,32.8,34.8,34.3,34,31.8,29.7,26,24.3,26.3,29.3,31.7,33,34.7,40.7,45.7,44.7,37.7,29.2
"Alexandria, VA","City",5101000,157594,"Virginia","Alexandria city","Washington-Arlington-Alexandria, DC-VA-MD-WV",28.2,27.2,26.8,25,23.7,24,25.3,25.8,26.8,27.2,28,28.3,29.7,28.3,27,26,25.7,24.3,24.3,26.3,28.7,31,35,37.7,39.5,38,34.7,28.8,25.7,25.7,26.7,28.5,29.2,31.2,31,29.3,28.7,27.7,29.3,28.7,26.7,23.3,20.7,22,25.3,29.7,32,31.3,31.7,30.3,31.3,29.7,28.7,28,28,28.7,29.7,30.3,33.7,35.5,35.5,32.5,28.7,27,25.7,24.3,25.3,24.7,28.3,30.2,33.8,34.5,36.3,34,32,30
"Alexandria city, Virginia","County",51510,157594,"Virginia","Alexandria city","Washington-Arlington-Alexandria, DC-VA-MD-WV",30.7,27.3,26.3,23.7,23,22.7,24,24.3,26,27.3,28.7,30.7,32,31,26.3,26.7,25.7,25.7,23.3,26,28.7,31.3,34.7,37.3,40.2,39.2,35.5,28.3,25.3,25.7,26.8,28.2,28.5,30.3,29.7,29,28,27,28.3,28.3,26.3,22.3,20.3,21.7,25.7,29.7,32.3,31,31.3,30,32,29.3,28,26,26.3,27.7,28.8,29.8,32.5,34.7,33.3,30,24.3,23.3,22.3,22.7,23.3,23,26.8,30.7,34,35.3,36.2,34.2,32.2,30.2
"Bellevue, WA","City",5305210,150606,"Washington","King County","Seattle-Tacoma-Bellevue, WA",33.2,35.2,34.8,31.7,30.3,26.7,25.3,25.7,28.7,31.7,33.3,34.8,32.5,30.3,25.2,26.8,29.3,31,29,26.5,27.5,29.2,33.3,39,43.3,44.3,39,34,26,22,17.7,16.3,16.7,21.2,25.8,29.3,29.5,27.5,25.3,21.2,18.2,15.8,17,20,25,28.3,33.7,35.7,36.7,34,31,30,27,26.7,26.7,29.2,30.2,30.5,32,33.8,33.5,31.5,28.8,26,21.7,18.8,19.3,23.2,27.8,30.5,32,34,33.3,32.3,27.3,27.7
"Redmond, WA","City",5357535,73728,"Washington","King County","Seattle-Tacoma-Bellevue, WA",34.5,37.2,37,32.3,26.7,24.7,25.3,26,27.8,31.5,35.2,36.3,31.3,29,23.3,25,26.5,27.8,27.2,24.2,26.8,26.8,32.8,33.7,40.7,41.3,40.3,35.7,28.8,25.7,21,20,21.3,25.2,29.5,33.8,35.7,33,27.7,24.2,20.5,21.5,22,27.5,32.5,36,39.2,38.5,35.5,33.8,33.2,32.7,31.3,29.3,29,28.5,31.2,32.2,37.7,38.3,40.7,34,30,26.8,26.2,24.8,25.7,27.3,31,32.7,36.3,39,36.5,34,32,35.2
"Reston, VA","City",5166672,62339,"Virginia","Fairfax County","Washington-Arlington-Alexandria, DC-VA-MD-WV",51.3,45.5,46.7,47.2,47.2,41.5,35,35.7,36.7,41.5,35.8,38,39.3,47,43.3,42.3,41.8,46.8,48.7,49.2,47.5,54.8,55,60.3,60.2,62,57.7,48,39,31,27.3,29,35.5,37.5,46.7,45.3,47.3,45.8,42,39.5,30.8,29.7,29.5,28.3,31,31.3,37.5,40.8,46.5,44.5,41.7,32.3,30.2,27.8,30.8,31.7,35,37.3,43.3,47,44,38,31.8,29.8,25.5,25.3,26.5,30.5,36.5,38.7,38.8,35.2,34.2,36.3,32,27.2
"Fairfax, VA","City",5126496,24242,"Virginia","Fairfax city","Washington-Arlington-Alexandria, DC-VA-MD-WV",32,24,19.7,17.7,18,18,21.8,25.5,31,33.2,32.8,30.7,33.8,36.8,32.8,27.3,22.3,23,23,23.3,28.2,30.8,37.8,38.7,40.8,36.8,33.5,27.3,22.7,20.3,21.3,22,25.7,27,33.7,34.5,36.2,29.5,24.8,18.2,16.8,16.5,21.5,24.5,26.3,27,27,30,29.2,27.8,26.2,25,23.3,20.7,19,21,26,27.2,26.2,26.2,27.7,28.7,25.3,22.7,21.3,22,25.3,27.7,31.2,32.5,40.2,40.7,43.3,36.3,30.7,24.7
